date,close,open,high,low
2026-02-12,5062.18,5061.96,5080.89,5045.83
2026-02-11,5078.96,5023.46,5119.24,5020.68
2026-02-10,5023.47,5065.32,5078.84,4987.54
2026-02-09,5065.55,4960.97,5086.85,4960.17
2026-02-08,5036.22,4992.29,5046.79,4964.73
2026-02-06,4961.15,4770.55,4971.99,4655.49
2026-02-05,4770.95,4963.74,5024.12,4760.05
2026-02-04,4963.60,4939.34,5092.68,4854.81
2026-02-03,4939.33,4665.16,4994.28,4648.50
2026-02-02,4666.27,4799.72,4885.08,4404.12
2026-01-30,4865.35,5395.58,5451.20,4681.94
2026-01-29,5395.88,5399.91,5595.46,5110.73
2026-01-28,5400.25,5189.63,5401.62,5157.35
2026-01-27,5189.62,5014.85,5190.56,5006.20
2026-01-26,5015.34,5007.11,5111.40,4989.85
2026-01-23,4982.91,4936.75,4989.93,4899.72
2026-01-22,4936.75,4836.95,4941.25,4772.38
2026-01-21,4836.67,4763.53,4888.22,4755.70
2026-01-20,4763.49,4671.02,4766.46,4659.34
2026-01-19,4671.02,4630.80,4690.80,4629.80
2026-01-16,4595.10,4614.90,4621.27,4537.15
2026-01-15,4614.91,4620.83,4632.65,4581.05
2026-01-14,4620.83,4588.05,4643.06,4585.32
2026-01-13,4588.00,4593.89,4634.76,4569.45
2026-01-12,4594.00,4519.45,4630.47,4513.57
2026-01-09,4510.45,4476.71,4517.40,4452.62
2026-01-08,4476.73,4453.04,4479.80,4407.48
2026-01-07,4453.04,4497.33,4500.65,4423.47
2026-01-06,4497.34,4448.56,4497.54,4427.25
2026-01-05,4448.47,4356.12,4456.05,4345.88
2026-01-02,4330.50,4333.00,4402.53,4310.01
2026-01-01,4348.35,4329.42,4351.65,4324.42
2025-12-31,4315.09,4346.47,4373.89,4274.51
2025-12-30,4346.51,4332.09,4404.51,4323.33
2025-12-29,4332.08,4540.70,4550.10,4303.75
2025-12-26,4532.63,4479.64,4550.11,4475.10
2025-12-25,4495.35,4487.10,4500.35,4483.59
2025-12-24,4479.64,4488.81,4525.71,4448.27
2025-12-23,4488.82,4445.62,4499.87,4429.92
2025-12-22,4445.95,4338.98,4449.60,4337.90
2025-12-19,4338.55,4332.33,4356.65,4309.01
2025-12-18,4332.40,4341.06,4374.69,4308.60
2025-12-17,4341.08,4303.80,4349.13,4301.27
2025-12-16,4303.80,4302.58,4335.16,4271.34
2025-12-15,4302.70,4299.00,4350.50,4285.21
2025-12-12,4302.43,4283.26,4353.72,4257.60
2025-12-11,4283.28,4228.53,4286.24,4203.98
2025-12-10,4228.55,4209.56,4239.10,4181.68
2025-12-09,4209.54,4189.00,4221.67,4170.00
2025-12-08,4189.05,4197.19,4219.31,4176.34
2025-12-05,4197.13,4208.69,4259.55,4191.95
2025-12-04,4208.69,4206.15,4219.46,4174.60
2025-12-03,4206.22,4208.14,4242.00,4194.39
2025-12-02,4208.14,4232.72,4236.28,4163.01
2025-12-01,4232.73,4223.93,4264.74,4205.87
2025-11-28,4230.63,4157.57,4231.51,4157.15
2025-11-27,4157.57,4164.53,4169.00,4142.57
2025-11-26,4164.59,4131.15,4173.70,4128.99
2025-11-25,4131.15,4139.66,4159.45,4109.72
2025-11-24,4139.70,4066.47,4140.13,4040.03
2025-11-21,4065.90,4077.54,4101.37,4022.70
2025-11-20,4077.50,4081.66,4110.17,4038.73
2025-11-19,4081.66,4067.86,4133.04,4055.23
2025-11-18,4067.88,4044.61,4082.69,3997.99
2025-11-17,4044.61,4082.02,4106.85,4006.83
2025-11-14,4079.58,4171.47,4211.68,4032.32
2025-11-13,4171.46,4198.75,4245.20,4145.41
2025-11-12,4198.73,4126.68,4211.96,4098.76
2025-11-11,4126.68,4115.91,4149.20,4097.09
2025-11-10,4115.90,3999.94,4116.26,3997.87
2025-11-07,3999.72,3977.92,4027.63,3974.41
2025-11-06,3977.87,3982.59,4019.84,3964.46
2025-11-05,3982.62,3932.06,3990.60,3929.61
2025-11-04,3932.05,4001.67,4006.00,3928.66
2025-11-03,4001.67,4002.28,4030.70,3962.85
2025-10-31,4002.28,4024.37,4046.00,3972.45
2025-10-30,4024.47,3931.15,4027.44,3915.17
2025-10-29,3930.38,3952.52,4030.40,3917.12
2025-10-28,3952.58,3983.41,4020.11,3886.49
2025-10-27,3981.59,4065.35,4109.33,3971.34
2025-10-24,4112.10,4127.13,4144.70,4044.70
2025-10-23,4126.17,4095.57,4154.96,4065.49
2025-10-22,4094.07,4123.10,4161.65,4004.69
2025-10-21,4125.10,4355.55,4375.59,4086.47
2025-10-20,4356.50,4251.82,4381.60,4218.81
2025-10-17,4249.98,4328.75,4379.44,4186.91
2025-10-16,4326.18,4209.81,4330.91,4199.60
2025-10-15,4208.58,4144.40,4218.42,4140.45
2025-10-14,4142.31,4108.98,4180.39,4090.49
2025-10-13,4110.70,4018.79,4117.14,4008.80
2025-10-10,4018.30,3977.58,4022.96,3946.80
2025-10-09,3976.29,4042.69,4058.09,3944.80
2025-10-08,4038.90,3983.82,4059.34,3982.86
2025-10-07,3983.82,3962.48,3991.18,3940.75
2025-10-06,3961.09,3888.45,3970.24,3883.93
2025-10-03,3886.83,3857.92,3891.85,3838.05
2025-10-02,3856.53,3866.66,3897.20,3819.51
2025-10-01,3865.80,3858.84,3895.45,3853.44
2025-09-30,3858.51,3833.84,3871.87,3793.18
2025-09-29,3833.93,3758.59,3834.58,3757.62
2025-09-26,3760.24,3748.18,3783.88,3734.58
2025-09-25,3749.37,3736.67,3761.66,3722.04
2025-09-24,3736.29,3765.78,3779.54,3717.30
2025-09-23,3764.19,3746.47,3791.11,3736.73
2025-09-22,3746.47,3686.80,3749.25,3683.62
2025-09-19,3684.98,3645.04,3686.33,3632.28
2025-09-18,3644.36,3659.40,3673.18,3627.89
2025-09-17,3660.04,3691.80,3707.70,3645.44
2025-09-16,3689.80,3678.84,3703.23,3674.66
2025-09-15,3679.13,3644.40,3685.65,3626.60
2025-09-12,3643.13,3635.01,3656.86,3630.48
2025-09-11,3634.09,3642.60,3649.27,3614.01
2025-09-10,3640.74,3629.05,3657.77,3619.58
2025-09-09,3626.48,3637.10,3674.75,3625.33
2025-09-08,3635.84,3586.82,3646.60,3579.67
2025-09-05,3586.81,3547.00,3600.33,3540.05
2025-09-04,3546.17,3560.57,3564.45,3511.19
2025-09-03,3559.43,3535.69,3578.80,3526.26
2025-09-02,3533.73,3478.36,3540.64,3470.20
2025-09-01,3476.47,3448.00,3490.06,3436.80
2025-08-29,3448.00,3418.20,3454.08,3404.29
2025-08-28,3417.20,3394.18,3423.36,3384.46
2025-08-27,3397.42,3392.88,3398.94,3373.76
2025-08-26,3392.88,3366.78,3394.33,3351.26
2025-08-25,3366.79,3371.23,3376.47,3359.69
2025-08-22,3372.11,3338.76,3379.01,3321.49
2025-08-21,3338.81,3347.38,3353.25,3325.27
2025-08-20,3347.11,3315.46,3350.50,3311.46
2025-08-19,3315.46,3332.38,3345.46,3314.88
2025-08-18,3330.55,3338.00,3358.50,3323.52
2025-08-15,3335.39,3336.50,3349.02,3332.16
2025-08-14,3336.50,3354.73,3374.97,3329.85
2025-08-13,3354.73,3346.20,3370.90,3342.65
2025-08-12,3346.20,3342.64,3359.27,3331.03
2025-08-11,3344.83,3398.50,3405.10,3340.82
2025-08-08,3398.78,3397.28,3408.83,3379.61
2025-08-07,3397.31,3366.11,3402.71,3364.77
2025-08-06,3369.04,3379.69,3385.47,3358.26
2025-08-05,3381.27,3373.38,3390.62,3349.89
2025-08-04,3373.37,3365.10,3385.56,3345.00
2025-08-01,3362.88,3290.83,3363.55,3281.55
2025-07-31,3290.32,3275.91,3314.98,3273.77
2025-07-30,3275.25,3324.01,3334.21,3268.15
2025-07-29,3326.84,3316.54,3334.21,3307.95
2025-07-28,3314.64,3335.00,3345.56,3301.66
2025-07-25,3337.18,3369.29,3373.73,3325.05
2025-07-24,3368.15,3387.79,3393.47,3351.40
2025-07-23,3387.78,3431.26,3439.09,3381.45
2025-07-22,3431.50,3395.81,3433.56,3383.29
2025-07-21,3395.80,3348.62,3401.85,3344.48
2025-07-18,3350.40,3338.76,3361.41,3331.75
2025-07-17,3338.95,3346.59,3352.50,3309.90
2025-07-16,3346.58,3322.63,3377.50,3319.69
2025-07-15,3322.63,3343.80,3366.58,3320.27
2025-07-14,3343.80,3355.91,3374.94,3341.10
2025-07-11,3355.91,3325.63,3368.89,3321.37
2025-07-10,3323.07,3313.70,3330.47,3310.23
2025-07-09,3313.72,3298.73,3317.05,3282.80
2025-07-08,3300.70,3335.99,3345.94,3287.17
2025-07-07,3335.61,3335.95,3343.29,3296.41
2025-07-04,3336.64,3326.44,3345.15,3323.59
2025-07-03,3326.57,3357.36,3365.81,3311.70
2025-07-02,3357.36,3338.36,3360.08,3327.60
2025-07-01,3339.21,3302.87,3358.09,3301.52
2025-06-30,3303.69,3272.65,3309.58,3247.86
2025-06-27,3274.25,3328.06,3328.88,3255.72
2025-06-26,3328.06,3332.47,3350.47,3310.01
2025-06-25,3332.46,3324.20,3337.23,3312.00
2025-06-24,3324.20,3368.79,3371.01,3295.38
2025-06-23,3368.88,3367.17,3399.25,3347.25
2025-06-20,3368.23,3370.82,3374.63,3340.38
2025-06-19,3370.75,3369.08,3388.07,3347.59
2025-06-18,3369.09,3390.40,3400.05,3362.54
2025-06-17,3388.74,3383.20,3403.39,3366.25
2025-06-16,3383.20,3431.54,3451.62,3382.40
2025-06-13,3432.64,3385.30,3447.02,3379.79
2025-06-12,3385.29,3357.24,3399.16,3338.64
2025-06-11,3353.84,3322.52,3360.82,3315.23
2025-06-10,3323.02,3328.58,3349.28,3301.92
2025-06-09,3328.33,3311.51,3338.43,3293.70
2025-06-06,3310.17,3354.26,3375.74,3306.87
2025-06-05,3354.16,3376.55,3403.55,3339.20
2025-06-04,3376.54,3352.56,3384.84,3343.76
2025-06-03,3352.25,3379.99,3392.53,3333.08
2025-06-02,3380.21,3289.80,3383.24,3289.41
2025-05-30,3289.40,3319.51,3322.95,3271.55
2025-05-29,3317.02,3286.36,3330.94,3245.55
2025-05-28,3289.76,3300.70,3325.68,3276.31
2025-05-27,3300.68,3344.00,3350.21,3285.70
2025-05-26,3342.94,3354.30,3357.03,3323.91
2025-05-23,3357.42,3297.15,3366.39,3287.24
2025-05-22,3295.00,3316.49,3345.62,3279.55
2025-05-21,3314.99,3290.12,3325.14,3285.51
2025-05-20,3290.12,3229.85,3295.98,3204.40
2025-05-19,3229.85,3214.60,3249.91,3205.98
2025-05-16,3202.77,3239.11,3252.27,3154.32
2025-05-15,3240.87,3178.06,3241.26,3120.52
2025-05-14,3178.75,3248.37,3257.39,3167.95
2025-05-13,3248.47,3233.40,3265.44,3215.96
2025-05-12,3234.70,3324.98,3325.42,3207.67
2025-05-09,3324.63,3305.51,3347.64,3274.94
2025-05-08,3305.52,3366.95,3414.96,3288.80
2025-05-07,3365.21,3430.21,3438.59,3360.20
2025-05-06,3430.21,3336.39,3435.17,3322.98
2025-05-05,3334.50,3240.00,3337.81,3237.81
2025-05-02,3240.88,3238.55,3269.49,3222.75
2025-05-01,3241.00,3288.55,3290.94,3202.09
2025-04-30,3288.59,3316.92,3328.36,3267.09
2025-04-29,3317.18,3341.67,3349.08,3299.23
2025-04-28,3341.67,3328.40,3353.33,3267.81
2025-04-25,3319.45,3347.20,3371.15,3265.25
2025-04-24,3349.10,3288.43,3367.59,3287.77
2025-04-23,3288.26,3382.55,3386.89,3260.50
2025-04-22,3382.54,3421.57,3500.33,3366.74
2025-04-21,3424.30,3334.41,3430.93,3327.82
2025-04-17,3327.54,3344.41,3358.00,3283.87
2025-04-16,3343.22,3226.25,3345.19,3226.25
2025-04-15,3227.60,3210.21,3234.16,3209.36
2025-04-14,3209.28,3237.35,3245.84,3193.41
2025-04-11,3236.21,3174.14,3245.69,3174.14
2025-04-10,3173.92,3083.75,3176.94,3071.03
2025-04-09,3082.18,2984.08,3099.87,2970.01
2025-04-08,2983.78,2983.39,3022.84,2974.45
2025-04-07,2982.54,3038.02,3055.88,2956.60
2025-04-04,3037.36,3113.16,3137.10,3015.64
2025-04-03,3112.83,3134.16,3168.04,3054.19
2025-04-02,3133.57,3111.00,3140.36,3104.81
2025-04-01,3110.55,3123.36,3149.11,3100.85
2025-03-31,3123.05,3086.54,3128.29,3076.62
2025-03-28,3084.03,3056.35,3086.93,3053.91
2025-03-27,3056.10,3019.56,3059.75,3017.26
2025-03-26,3019.29,3020.13,3032.23,3012.38
2025-03-25,3019.85,3012.40,3035.94,3007.53
2025-03-24,3012.27,3023.03,3033.44,3002.34
2025-03-21,3023.63,3042.60,3047.66,2999.46
2025-03-20,3044.41,3046.31,3057.51,3025.56
2025-03-19,3047.18,3032.20,3052.30,3022.73
2025-03-18,3033.95,2999.11,3038.45,2999.11
2025-03-17,3001.47,2985.80,3002.23,2982.13
2025-03-14,2984.42,2988.38,3005.08,2978.41
2025-03-13,2987.75,2932.66,2989.64,2932.03
2025-03-12,2932.06,2916.85,2940.83,2906.19
2025-03-11,2916.04,2888.72,2922.22,2880.34
2025-03-10,2889.40,2912.17,2918.50,2880.30
2025-03-07,2910.79,2910.48,2930.56,2896.71
2025-03-06,2909.99,2918.98,2926.88,2891.34
2025-03-05,2918.84,2917.59,2929.94,2894.19
2025-03-04,2917.49,2894.05,2928.15,2881.81
2025-03-03,2893.71,2856.71,2895.45,2855.63
2025-02-28,2858.60,2877.66,2885.34,2832.63
2025-02-27,2876.19,2916.80,2920.96,2867.86
2025-02-26,2916.19,2915.42,2930.22,2890.99
2025-02-25,2915.12,2951.82,2954.44,2888.06
2025-02-24,2951.19,2936.41,2956.37,2920.77
2025-02-21,2936.03,2939.00,2950.01,2916.70
2025-02-20,2938.70,2932.81,2954.97,2924.20
2025-02-19,2932.64,2935.73,2947.23,2918.50
2025-02-18,2935.58,2897.51,2937.46,2891.94
2025-02-17,2897.66,2883.55,2906.69,2887.20
2025-02-14,2883.18,2929.19,2940.23,2876.96
2025-02-13,2929.03,2904.10,2929.74,2900.20
2025-02-12,2903.66,2898.90,2909.16,2864.01
2025-02-11,2898.34,2907.47,2943.25,2881.76
2025-02-10,2907.34,2864.08,2911.60,2854.69
2025-02-07,2860.39,2856.60,2886.96,2852.55
2025-02-06,2856.50,2865.26,2873.74,2834.40
2025-02-05,2865.09,2842.06,2882.53,2839.32
2025-02-04,2841.94,2814.80,2845.57,2806.90
2025-02-03,2813.49,2801.40,2831.70,2771.69
2025-01-31,2801.00,2794.04,2817.57,2790.78
2025-01-30,2793.88,2757.90,2798.80,2757.24
2025-01-29,2757.71,2763.48,2766.53,2744.71
2025-01-28,2763.11,2742.57,2765.18,2734.68
2025-01-27,2741.10,2770.70,2773.02,2729.80
2025-01-24,2771.30,2754.06,2786.04,2752.56
2025-01-23,2753.69,2755.96,2759.06,2735.85
2025-01-22,2755.02,2745.08,2763.72,2741.83
2025-01-21,2744.39,2709.01,2746.88,2702.49
2025-01-20,2708.06,2702.51,2714.40,2689.32
2025-01-17,2701.55,2713.85,2717.73,2698.41
2025-01-16,2713.77,2695.96,2724.86,2690.00
2025-01-15,2695.82,2677.29,2697.85,2669.04
2025-01-14,2677.16,2662.53,2678.44,2659.79
2025-01-13,2662.12,2689.35,2693.77,2656.73
2025-01-10,2689.63,2670.74,2698.57,2663.65
2025-01-09,2670.19,2662.20,2675.42,2662.35
2025-01-08,2662.06,2649.85,2670.60,2645.03
2025-01-07,2649.49,2636.02,2664.54,2632.57
2025-01-06,2635.33,2641.00,2649.62,2614.60
2025-01-03,2639.12,2657.29,2665.47,2636.40
2025-01-02,2657.16,2626.60,2660.85,2621.51
2024-12-31,2623.81,2606.13,2627.85,2602.50
2024-12-30,2605.39,2620.30,2628.61,2595.90
2024-12-27,2620.00,2634.59,2638.74,2611.30
2024-12-26,2634.43,2619.79,2639.40,2614.13
2024-12-24,2613.20,2613.07,2621.83,2609.92
2024-12-23,2612.93,2622.24,2633.60,2607.97
2024-12-20,2620.77,2593.97,2631.92,2589.56
2024-12-19,2593.85,2587.87,2626.73,2583.49
2024-12-18,2587.63,2645.68,2652.08,2586.52
2024-12-17,2645.54,2652.63,2659.22,2633.00
2024-12-16,2652.50,2649.10,2664.83,2643.34
2024-12-13,2648.39,2681.47,2693.02,2645.90
2024-12-12,2681.33,2718.07,2726.31,2675.04
2024-12-11,2717.93,2693.76,2721.35,2674.58
2024-12-10,2693.64,2658.82,2695.79,2657.95
2024-12-09,2658.78,2635.52,2676.52,2627.47
2024-12-06,2632.91,2632.18,2645.69,2613.57
2024-12-05,2632.05,2649.92,2655.62,2623.55
2024-12-04,2649.79,2643.57,2657.36,2632.50
2024-12-03,2643.44,2639.05,2655.71,2634.12
2024-12-02,2638.93,2653.82,2656.21,2621.90
2024-11-29,2653.55,2641.20,2666.35,2634.11
2024-11-28,2640.96,2635.74,2650.12,2620.95
2024-11-27,2635.51,2632.16,2658.40,2627.06
2024-11-26,2631.89,2625.38,2642.05,2605.29
2024-11-25,2625.26,2715.10,2721.43,2615.70
2024-11-22,2712.55,2669.84,2712.91,2667.38
2024-11-21,2669.69,2650.19,2673.86,2647.95
2024-11-20,2650.05,2631.80,2655.50,2618.70
2024-11-19,2631.68,2612.29,2639.69,2610.25
2024-11-18,2612.20,2561.59,2615.17,2561.59
2024-11-15,2561.24,2566.54,2576.09,2554.58
2024-11-14,2566.19,2573.91,2581.61,2536.91
2024-11-13,2573.78,2597.41,2618.97,2573.00
2024-11-12,2597.27,2620.31,2627.24,2589.79
2024-11-11,2620.20,2684.81,2686.51,2610.62
2024-11-08,2683.77,2707.37,2710.51,2680.36
2024-11-07,2706.99,2659.36,2710.20,2643.50
2024-11-06,2659.24,2743.88,2749.80,2652.44
2024-11-05,2743.59,2736.58,2750.06,2724.75
2024-11-04,2736.39,2734.10,2748.30,2729.78
2024-11-01,2735.16,2742.50,2762.29,2733.20
2024-10-31,2743.80,2787.75,2790.41,2731.65
2024-10-30,2786.19,2775.01,2790.09,2770.65
2024-10-29,2775.13,2743.70,2775.89,2739.82
2024-10-28,2741.98,2734.84,2746.06,2724.72
2024-10-25,2747.69,2736.10,2747.97,2716.97
2024-10-24,2735.70,2717.99,2743.38,2715.72
2024-10-23,2717.54,2749.52,2758.53,2708.79
2024-10-22,2748.38,2720.00,2749.47,2718.93
2024-10-21,2719.65,2721.71,2740.61,2714.23
2024-10-18,2720.25,2692.41,2722.87,2691.48
2024-10-17,2692.55,2674.05,2696.80,2673.00
2024-10-16,2673.24,2663.00,2685.73,2658.71
2024-10-15,2660.99,2651.75,2669.07,2638.31
2024-10-14,2651.05,2657.21,2666.94,2643.16
2024-10-11,2656.00,2630.80,2661.55,2627.65
2024-10-10,2629.48,2608.14,2631.63,2604.15
2024-10-09,2607.77,2620.19,2624.65,2605.18
2024-10-08,2621.94,2643.50,2653.09,2604.79
2024-10-07,2643.58,2651.20,2659.91,2637.70
2024-10-04,2652.25,2654.39,2670.15,2632.00
2024-10-03,2655.90,2658.66,2663.40,2639.73
2024-10-02,2657.75,2661.15,2663.85,2641.18
2024-10-01,2662.82,2635.41,2673.20,2631.98
2024-09-30,2634.49,2658.30,2666.11,2624.78
2024-09-27,2657.97,2669.50,2674.40,2643.15
2024-09-26,2670.20,2657.32,2685.96,2654.56
2024-09-25,2656.82,2655.90,2670.60,2649.84
2024-09-24,2656.70,2628.92,2664.47,2622.58
2024-09-23,2628.40,2621.81,2635.54,2613.60
2024-09-20,2621.96,2587.50,2625.79,2584.81
2024-09-19,2586.48,2559.07,2594.89,2551.26
2024-09-18,2558.80,2571.73,2600.21,2546.98
2024-09-17,2569.52,2582.46,2587.01,2560.84
2024-09-16,2582.58,2578.06,2589.78,2575.40
2024-09-13,2576.50,2556.52,2586.18,2556.52
2024-09-12,2558.75,2512.02,2560.21,2511.02
2024-09-11,2511.44,2515.70,2529.40,2501.01
2024-09-10,2516.12,2506.84,2518.57,2500.16
2024-09-09,2505.25,2497.32,2507.42,2485.60
2024-09-06,2497.03,2516.90,2529.30,2485.15
2024-09-05,2516.32,2495.50,2523.54,2493.76
2024-09-04,2494.19,2492.94,2500.20,2471.95
2024-09-03,2492.76,2500.50,2506.44,2473.25
2024-09-02,2499.29,2502.74,2507.50,2490.14
2024-08-30,2503.03,2520.89,2527.07,2494.36
2024-08-29,2521.18,2504.65,2528.77,2503.65
2024-08-28,2502.25,2522.74,2529.15,2493.66
2024-08-27,2524.57,2518.30,2526.27,2503.41
2024-08-26,2516.89,2511.43,2527.76,2508.71
2024-08-23,2512.07,2482.20,2518.45,2481.20
2024-08-22,2483.29,2512.50,2514.82,2470.86
2024-08-21,2511.95,2512.82,2520.09,2494.15
2024-08-20,2513.74,2501.55,2532.05,2497.33
2024-08-19,2503.92,2508.40,2510.45,2485.83
2024-08-16,2507.28,2456.57,2509.89,2450.76
2024-08-15,2456.10,2448.15,2470.25,2432.19
2024-08-14,2447.64,2467.40,2478.49,2438.12
2024-08-13,2465.03,2472.64,2477.02,2458.50
2024-08-12,2472.25,2431.21,2473.48,2423.84
2024-08-09,2430.93,2427.29,2437.15,2416.93
2024-08-08,2426.75,2382.43,2427.80,2380.70
2024-08-07,2381.53,2389.67,2407.05,2379.05
2024-08-06,2389.37,2410.01,2418.35,2381.79
2024-08-05,2407.65,2443.27,2458.80,2364.40
2024-08-02,2443.29,2445.16,2477.72,2410.83
2024-08-01,2445.42,2448.10,2462.40,2430.25
2024-07-31,2448.10,2410.09,2451.00,2410.17
2024-07-30,2408.43,2383.66,2413.00,2376.51
2024-07-29,2383.54,2387.20,2403.23,2369.77
2024-07-26,2385.57,2364.30,2390.82,2355.89
2024-07-25,2364.50,2398.49,2401.32,2353.19
2024-07-24,2397.59,2408.94,2432.05,2396.50
2024-07-23,2409.21,2396.80,2412.15,2388.26
2024-07-22,2397.65,2400.41,2412.32,2384.00
2024-07-19,2400.79,2445.34,2446.29,2393.92
2024-07-18,2444.97,2460.13,2475.02,2440.41
2024-07-17,2458.38,2476.22,2483.78,2451.60
2024-07-16,2468.57,2424.80,2469.91,2423.54
2024-07-15,2422.07,2409.50,2439.74,2401.35
2024-07-12,2411.27,2416.47,2418.37,2391.52
2024-07-11,2414.78,2371.58,2424.62,2370.83
2024-07-10,2371.07,2363.80,2386.75,2362.73
2024-07-09,2363.58,2358.60,2371.52,2349.59
2024-07-08,2358.80,2391.77,2391.85,2351.16
2024-07-05,2391.46,2358.01,2393.04,2354.03
2024-07-04,2356.12,2353.70,2362.64,2350.76
2024-07-03,2356.06,2328.00,2365.06,2326.93
2024-07-02,2329.28,2332.05,2336.90,2319.24
2024-07-01,2331.70,2326.46,2338.72,2318.55
2024-06-28,2325.71,2327.75,2339.79,2319.15
2024-06-27,2327.45,2299.80,2331.00,2296.50
2024-06-26,2297.91,2320.00,2323.95,2293.70
2024-06-25,2319.01,2333.25,2337.26,2315.56
2024-06-24,2332.93,2321.60,2335.02,2317.37
2024-06-21,2320.34,2360.30,2368.85,2316.76
2024-06-20,2359.63,2329.15,2365.52,2327.30
2024-06-19,2327.48,2329.79,2335.10,2323.84
2024-06-18,2328.33,2319.38,2333.25,2306.63
2024-06-17,2318.87,2332.20,2333.48,2310.02
2024-06-14,2332.52,2302.52,2336.87,2301.35
2024-06-13,2303.19,2325.70,2326.70,2295.68
2024-06-12,2322.55,2315.53,2341.70,2310.80
2024-06-11,2316.27,2311.00,2320.17,2297.69
2024-06-10,2310.60,2296.00,2313.87,2287.31
2024-06-07,2292.71,2376.50,2387.85,2286.77
2024-06-06,2375.61,2355.16,2378.57,2353.60
2024-06-05,2354.78,2328.00,2358.07,2325.88
2024-06-04,2327.68,2349.00,2351.76,2315.53
2024-06-03,2350.35,2329.61,2354.82,2314.76
2024-05-31,2326.97,2345.07,2353.24,2323.96
2024-05-30,2343.00,2339.67,2351.83,2322.72
2024-05-29,2338.77,2361.00,2362.86,2334.75
2024-05-28,2360.95,2352.29,2364.12,2340.17
2024-05-27,2350.74,2334.50,2358.56,2332.36
2024-05-24,2333.76,2328.40,2347.54,2325.40
2024-05-23,2328.37,2378.60,2383.86,2327.00
2024-05-22,2378.25,2423.75,2426.64,2374.98
2024-05-21,2421.64,2426.84,2434.00,2406.32
2024-05-20,2425.12,2415.02,2450.13,2407.34
2024-05-17,2414.89,2376.81,2422.87,2373.96
2024-05-16,2376.44,2386.42,2397.44,2371.01
2024-05-15,2386.04,2358.20,2390.36,2351.82
2024-05-14,2357.97,2338.20,2359.83,2334.55
2024-05-13,2336.05,2362.70,2364.94,2332.34
2024-05-10,2360.14,2346.26,2378.45,2345.25
2024-05-09,2345.88,2309.04,2347.59,2306.67
2024-05-08,2308.65,2314.70,2321.56,2303.85
2024-05-07,2313.79,2322.50,2330.06,2310.06
2024-05-06,2323.57,2302.50,2331.99,2291.79
2024-05-03,2301.56,2303.20,2321.64,2277.47
2024-05-02,2303.29,2319.89,2326.57,2285.58
2024-05-01,2317.90,2285.91,2328.40,2281.66
2024-04-30,2285.57,2335.10,2336.54,2284.94
2024-04-29,2334.44,2337.50,2346.85,2320.08
2024-04-26,2337.72,2332.16,2352.62,2326.30
2024-04-25,2331.78,2316.20,2344.86,2305.28
2024-04-24,2315.82,2322.19,2337.16,2311.90
2024-04-23,2321.81,2326.62,2334.48,2291.40
2024-04-22,2326.29,2388.20,2388.72,2325.29
2024-04-19,2390.45,2378.60,2417.79,2372.96
2024-04-18,2378.25,2360.74,2392.84,2360.70
2024-04-17,2360.81,2383.20,2395.63,2354.84
2024-04-16,2382.83,2382.86,2398.34,2362.95
2024-04-15,2382.51,2343.86,2387.59,2324.59
2024-04-12,2343.43,2373.59,2431.53,2333.90
2024-04-11,2373.24,2333.17,2377.80,2325.84
2024-04-10,2332.79,2352.91,2360.15,2319.54
2024-04-09,2352.58,2339.24,2365.34,2336.94
2024-04-08,2338.89,2322.00,2354.09,2302.86
2024-04-05,2329.50,2289.88,2330.34,2267.85
2024-04-04,2289.43,2299.62,2305.31,2280.15
2024-04-03,2299.17,2279.57,2301.22,2265.50
2024-04-02,2280.10,2250.88,2281.17,2246.79
2024-04-01,2250.36,2239.59,2265.86,2228.54
2024-03-28,2232.38,2194.19,2235.90,2187.33
2024-03-27,2194.02,2179.03,2197.71,2173.59
2024-03-26,2178.58,2171.82,2200.15,2167.75
2024-03-25,2171.45,2165.79,2181.30,2163.50
2024-03-22,2164.15,2181.50,2186.25,2157.15
2024-03-21,2180.81,2186.00,2222.90,2166.50
2024-03-20,2185.96,2158.29,2188.90,2149.60
2024-03-19,2157.23,2160.70,2162.93,2146.90
2024-03-18,2159.99,2156.00,2163.64,2146.05
2024-03-15,2155.54,2162.40,2173.25,2155.19
2024-03-14,2161.01,2174.29,2177.10,2152.86
2024-03-13,2174.40,2158.25,2179.91,2155.54
2024-03-12,2157.99,2183.00,2184.86,2150.59
2024-03-11,2182.47,2177.71,2189.04,2174.80
2024-03-08,2177.51,2159.40,2195.20,2154.08
2024-03-07,2159.16,2148.54,2164.54,2144.29
2024-03-06,2148.29,2127.95,2152.29,2123.65
2024-03-05,2127.55,2115.15,2142.15,2110.52
2024-03-04,2114.99,2082.09,2119.95,2079.45
2024-03-01,2083.39,2043.44,2088.40,2038.55
2024-02-29,2043.24,2034.92,2050.79,2027.75
2024-02-28,2034.62,2030.05,2038.30,2024.56
2024-02-27,2029.64,2030.99,2039.99,2028.78
2024-02-26,2030.66,2034.49,2037.59,2025.10
2024-02-23,2035.72,2024.49,2041.43,2015.55
2024-02-22,2024.11,2025.24,2034.84,2019.70
2024-02-21,2024.99,2023.80,2032.22,2020.19
2024-02-20,2023.53,2017.99,2030.96,2015.02
2024-02-19,2017.63,2013.16,2023.34,2011.57
2024-02-16,2013.10,2004.40,2015.25,1995.26
2024-02-15,2004.09,1992.69,2008.49,1990.25
2024-02-14,1992.39,1992.55,1996.14,1984.30
2024-02-13,1992.13,2019.90,2030.05,1990.19
2024-02-12,2019.79,2024.53,2028.09,2011.91
2024-02-09,2024.16,2033.65,2037.44,2020.30
2024-02-08,2033.18,2034.55,2038.94,2019.75
2024-02-07,2034.22,2035.90,2044.65,2030.65
2024-02-06,2035.46,2024.99,2039.02,2022.55
2024-02-05,2024.67,2039.91,2042.32,2014.40
2024-02-02,2038.59,2055.09,2058.20,2027.45
2024-02-01,2054.89,2037.59,2065.42,2029.55
2024-01-31,2037.19,2036.58,2056.08,2031.00
2024-01-30,2036.12,2031.97,2048.48,2029.19
2024-01-29,2031.75,2019.40,2037.75,2017.38
2024-01-26,2018.34,2019.94,2026.80,2015.97
2024-01-25,2019.75,2012.84,2025.27,2010.15
2024-01-24,2012.59,2028.94,2036.74,2011.28
2024-01-23,2028.69,2021.24,2037.92,2019.59
2024-01-22,2020.99,2029.90,2032.28,2016.74
2024-01-19,2029.09,2023.05,2039.49,2020.37
2024-01-18,2022.67,2006.09,2023.45,2005.43
2024-01-17,2005.72,2027.90,2033.05,2001.91
2024-01-16,2027.59,2054.91,2055.65,2024.29
2024-01-15,2054.49,2048.09,2059.25,2045.80
2024-01-12,2048.72,2028.30,2062.35,2027.99
2024-01-11,2028.09,2023.74,2039.69,2013.32
2024-01-10,2023.40,2029.94,2040.44,2020.45
2024-01-09,2029.59,2028.40,2042.09,2026.11
2024-01-08,2027.84,2044.08,2046.71,2016.84
2024-01-05,2045.50,2043.69,2064.03,2024.49
2024-01-04,2043.26,2041.34,2051.40,2036.24
2024-01-03,2040.78,2059.15,2066.12,2030.68
2024-01-02,2058.88,2062.90,2079.02,2056.04
2024-01-01,2063.80,2064.24,2074.90,2063.30
2023-12-29,2062.59,2065.15,2075.15,2057.75
2023-12-28,2064.86,2077.34,2088.54,2065.89
2023-12-27,2077.16,2066.70,2084.59,2061.00
2023-12-26,2066.60,2055.73,2068.65,2053.59
2023-12-25,2054.93,2054.32,2058.36,2053.96
2023-12-22,2052.98,2045.84,2070.65,2045.65
2023-12-21,2045.49,2029.44,2046.07,2029.44
2023-12-20,2029.19,2040.34,2043.94,2029.37
2023-12-19,2040.12,2027.30,2047.07,2021.74
2023-12-18,2027.00,2020.09,2033.71,2015.99
2023-12-15,2018.19,2035.80,2045.55,2015.68
2023-12-14,2035.53,2026.59,2047.98,2024.33
2023-12-13,2026.39,1979.74,2027.55,1973.09
2023-12-12,1979.44,1981.59,1996.80,1977.19
2023-12-11,1981.30,2003.60,2008.72,1975.95
2023-12-08,2003.39,2028.69,2034.19,1994.74
2023-12-07,2028.34,2025.30,2039.93,2020.26
2023-12-06,2024.90,2019.74,2036.30,2017.27
2023-12-05,2019.42,2030.15,2041.33,2010.02
2023-12-04,2029.74,2071.25,2135.90,2020.34
2023-12-01,2070.90,2034.49,2075.34,2033.75
2023-11-30,2035.75,2044.80,2047.59,2031.84
2023-11-29,2044.59,2041.24,2052.09,2035.05
2023-11-28,2040.89,2013.94,2043.00,2011.60
2023-11-27,2013.64,2002.78,2018.14,2000.67
2023-11-24,2001.97,1994.06,2003.68,1991.40
2023-11-23,1991.79,1990.15,1999.19,1989.01
2023-11-22,1989.72,1998.69,2006.90,1986.89
2023-11-21,1998.37,1977.49,2007.52,1977.34
2023-11-20,1977.19,1980.39,1985.26,1965.20
2023-11-17,1980.01,1981.21,1993.94,1978.59
2023-11-16,1980.85,1959.44,1988.03,1956.49
2023-11-15,1959.09,1963.05,1975.59,1955.41
2023-11-14,1962.67,1946.19,1970.84,1943.40
2023-11-13,1945.89,1937.05,1949.27,1931.73
2023-11-10,1936.79,1958.40,1960.93,1933.18
2023-11-09,1958.19,1950.09,1965.69,1944.30
2023-11-08,1949.79,1968.84,1971.12,1947.48
2023-11-07,1968.40,1978.19,1978.75,1956.20
2023-11-06,1977.68,1992.30,1993.30,1977.52
2023-11-03,1992.27,1985.69,2004.06,1983.26
2023-11-02,1985.51,1983.53,1991.49,1978.90
2023-11-01,1982.15,1983.01,1992.09,1969.90
2023-10-31,1982.70,1996.00,2007.80,1978.90
2023-10-30,1995.88,2004.80,2007.37,1990.50
2023-10-27,2005.78,1985.17,2009.48,1976.35
2023-10-26,1984.82,1979.97,1994.05,1971.60
2023-10-25,1979.62,1971.36,1987.19,1963.34
2023-10-24,1970.11,1972.97,1980.99,1953.50
2023-10-23,1972.59,1972.90,1983.40,1964.36
2023-10-20,1981.04,1974.31,1997.27,1971.93
2023-10-19,1973.70,1947.99,1977.86,1945.18
2023-10-18,1947.69,1923.70,1962.74,1923.05
2023-10-17,1923.07,1920.14,1931.56,1911.85
2023-10-16,1919.44,1929.30,1931.80,1907.65
2023-10-13,1931.70,1869.02,1933.76,1868.94
2023-10-12,1868.65,1874.10,1885.30,1866.92
2023-10-11,1873.61,1859.99,1877.22,1858.60
2023-10-10,1860.09,1861.27,1865.65,1852.65
2023-10-09,1860.88,1832.74,1864.15,1832.63
2023-10-06,1832.26,1820.40,1834.97,1810.10
2023-10-05,1820.01,1820.49,1829.30,1812.70
2023-10-04,1821.08,1824.30,1831.05,1816.15
2023-10-03,1822.81,1827.96,1833.36,1814.70
2023-10-02,1827.40,1848.13,1849.06,1826.60
2023-09-29,1848.31,1865.43,1880.24,1846.34
2023-09-28,1864.56,1875.73,1880.15,1857.76
2023-09-27,1874.70,1900.69,1903.95,1872.47
2023-09-26,1900.49,1916.03,1916.89,1899.17
2023-09-25,1915.66,1925.24,1927.26,1915.00
2023-09-22,1924.99,1920.08,1929.65,1919.58
2023-09-21,1919.57,1930.99,1931.74,1913.40
2023-09-20,1929.68,1931.69,1947.80,1927.90
2023-09-19,1930.94,1933.68,1937.94,1929.71
2023-09-18,1933.14,1924.19,1934.61,1922.15
2023-09-15,1923.57,1910.90,1930.84,1909.74
2023-09-14,1910.32,1906.68,1912.99,1900.95
2023-09-13,1906.30,1913.55,1916.30,1905.50
2023-09-12,1913.26,1922.90,1925.05,1907.15
2023-09-11,1921.66,1919.16,1930.90,1916.90
2023-09-08,1917.81,1919.57,1930.19,1917.36
2023-09-07,1919.19,1916.86,1923.67,1916.10
2023-09-06,1916.28,1926.16,1929.80,1914.80
2023-09-05,1925.81,1938.59,1939.13,1925.22
2023-09-04,1938.19,1940.49,1946.42,1936.15
2023-09-01,1938.80,1940.19,1953.44,1934.59
2023-08-31,1939.74,1942.61,1948.19,1938.86
2023-08-30,1942.24,1937.48,1949.04,1934.94
2023-08-29,1937.12,1920.23,1938.41,1914.00
2023-08-28,1919.66,1916.09,1926.19,1912.83
2023-08-25,1914.53,1917.80,1923.09,1903.40
2023-08-24,1917.43,1914.15,1923.94,1911.35
2023-08-23,1914.31,1897.80,1920.94,1897.23
2023-08-22,1897.47,1895.09,1905.05,1888.60
2023-08-21,1893.94,1889.40,1899.05,1884.50
2023-08-18,1888.19,1889.49,1897.44,1886.20
2023-08-17,1888.89,1892.20,1903.90,1884.50
2023-08-16,1891.76,1901.59,1907.90,1891.30
2023-08-15,1901.56,1907.40,1912.19,1896.15
2023-08-14,1907.90,1913.67,1916.55,1902.20
2023-08-11,1913.32,1912.65,1921.15,1910.94
2023-08-10,1912.06,1914.94,1930.11,1911.73
2023-08-09,1914.59,1925.16,1932.48,1914.05
2023-08-08,1924.82,1936.76,1938.15,1922.50
2023-08-07,1936.39,1942.59,1946.81,1931.53
2023-08-04,1941.62,1934.12,1947.19,1929.75
2023-08-03,1933.74,1934.66,1939.03,1929.55
2023-08-02,1933.56,1945.74,1955.40,1933.00
2023-08-01,1944.08,1965.10,1966.24,1941.20
2023-07-31,1964.19,1959.49,1972.44,1951.00
2023-07-28,1959.20,1944.27,1963.71,1944.27
2023-07-27,1944.99,1972.08,1982.24,1942.61
2023-07-26,1972.10,1964.99,1978.31,1961.99
2023-07-25,1964.58,1955.20,1966.03,1953.21
2023-07-24,1954.51,1962.09,1967.97,1953.42
2023-07-21,1960.23,1969.99,1973.89,1956.82
2023-07-20,1969.62,1976.80,1987.59,1965.40
2023-07-19,1977.25,1978.97,1981.05,1969.75
2023-07-18,1978.71,1954.59,1984.39,1954.44
2023-07-17,1954.74,1954.90,1959.91,1945.82
2023-07-14,1954.93,1961.58,1963.81,1951.00
2023-07-13,1960.19,1957.44,1963.69,1952.71
2023-07-12,1957.09,1932.59,1959.82,1932.18
2023-07-11,1931.99,1925.40,1938.69,1924.40
2023-07-10,1924.99,1925.19,1928.31,1912.68
2023-07-07,1924.28,1911.07,1934.92,1909.56
2023-07-06,1910.80,1916.05,1927.69,1902.68
2023-07-05,1917.32,1925.90,1935.17,1914.48
2023-07-04,1925.09,1921.78,1930.84,1919.90
2023-07-03,1921.43,1919.40,1931.09,1910.10
2023-06-30,1919.57,1908.53,1922.90,1900.56
2023-06-29,1908.15,1908.80,1913.15,1893.01
2023-06-28,1907.42,1913.59,1917.24,1902.84
2023-06-27,1913.35,1923.21,1930.85,1911.19
2023-06-26,1922.85,1924.30,1933.48,1921.59
2023-06-23,1921.36,1913.80,1937.10,1910.24
2023-06-22,1913.52,1932.09,1935.00,1912.34
2023-06-21,1932.26,1935.42,1939.55,1919.34
2023-06-20,1935.91,1950.90,1956.87,1929.77
2023-06-19,1950.12,1957.99,1958.93,1947.80
2023-06-16,1957.36,1957.68,1968.00,1953.42
2023-06-15,1957.65,1943.44,1960.34,1925.30
2023-06-14,1942.99,1943.49,1960.41,1939.73
2023-06-13,1943.33,1957.69,1970.74,1939.99
2023-06-12,1956.92,1960.25,1967.55,1948.80
2023-06-09,1960.60,1968.10,1973.09,1956.73
2023-06-08,1967.76,1940.59,1970.50,1939.81
2023-06-07,1939.63,1963.59,1970.26,1939.80
2023-06-06,1962.85,1962.11,1966.85,1954.00
2023-06-05,1961.76,1947.59,1964.13,1938.14
2023-06-02,1947.63,1978.14,1983.52,1947.67
2023-06-01,1977.88,1962.80,1983.27,1953.43
2023-05-31,1962.30,1959.30,1975.34,1953.67
2023-05-30,1959.14,1944.19,1963.63,1932.08
2023-05-29,1942.84,1944.09,1949.75,1940.30
2023-05-26,1946.33,1940.69,1957.40,1936.84
2023-05-25,1940.34,1958.13,1964.95,1938.86
2023-05-24,1957.01,1975.19,1985.30,1956.51
2023-05-23,1974.73,1971.99,1977.80,1954.29
2023-05-22,1969.43,1977.80,1982.66,1968.40
2023-05-19,1976.56,1957.40,1984.09,1954.05
2023-05-18,1958.05,1981.52,1986.12,1951.97
2023-05-17,1981.72,1988.94,1993.13,1974.80
2023-05-16,1988.60,2015.90,2018.94,1985.47
2023-05-15,2020.60,2011.72,2022.20,2007.28
2023-05-12,2011.15,2015.19,2022.56,2001.05
2023-05-11,2015.55,2030.56,2041.44,2011.19
2023-05-10,2029.51,2034.19,2048.22,2021.57
2023-05-09,2034.17,2022.24,2037.70,2019.50
2023-05-08,2021.39,2015.95,2029.63,2014.10
2023-05-05,2016.54,2051.73,2053.13,1999.30
2023-05-04,2051.11,2036.86,2073.29,2030.34
2023-05-03,2039.02,2014.80,2040.69,2007.96
2023-05-02,2016.28,1982.81,2019.54,1978.38
2023-05-01,1982.05,1991.34,2006.05,1977.05
2023-04-28,1989.65,1986.75,1995.13,1976.08
2023-04-27,1987.87,1987.58,2003.45,1973.80
2023-04-26,1989.48,2000.63,2009.51,1983.43
2023-04-25,1997.87,1991.45,2003.90,1976.14
2023-04-24,1988.88,1981.34,1990.97,1974.19
2023-04-21,1982.89,2004.29,2005.75,1971.65
2023-04-20,2004.34,1993.58,2012.74,1990.49
2023-04-19,1993.26,2007.49,2008.33,1969.28
2023-04-18,2004.93,1995.19,2011.98,1991.33
2023-04-17,1994.77,2001.85,2015.13,1981.34
2023-04-14,2003.04,2040.40,2047.60,1992.41
2023-04-13,2039.73,2014.00,2048.84,2012.45
2023-04-12,2014.67,2003.67,2028.40,2001.18
2023-04-11,2003.14,1990.36,2007.58,1988.72
2023-04-10,1989.95,2008.30,2011.17,1981.59
2023-04-06,2008.02,2020.13,2021.63,2000.88
2023-04-05,2020.35,2020.44,2032.20,2009.99
2023-04-04,2019.97,1984.59,2025.19,1977.01
2023-04-03,1984.11,1970.84,1990.64,1949.82
2023-03-31,1967.90,1978.62,1987.84,1966.89
2023-03-30,1980.25,1962.58,1984.40,1955.44
2023-03-29,1964.04,1972.82,1974.64,1958.62
2023-03-28,1973.69,1957.23,1975.45,1948.66
2023-03-27,1956.56,1977.66,1979.89,1943.68
2023-03-24,1977.22,1993.99,2003.19,1975.18
2023-03-23,1993.50,1967.91,2003.43,1964.39
2023-03-22,1969.58,1940.44,1978.93,1934.33
2023-03-21,1940.15,1979.17,1985.30,1935.41
2023-03-20,1978.71,1987.59,2010.19,1965.77
2023-03-17,1987.93,1920.00,1989.80,1918.33
2023-03-16,1919.12,1920.54,1934.12,1907.55
2023-03-15,1918.10,1903.91,1937.46,1885.78
2023-03-14,1902.12,1913.19,1914.52,1895.17
2023-03-13,1913.23,1869.01,1914.79,1869.01
2023-03-10,1867.83,1830.96,1870.28,1827.71
2023-03-09,1830.89,1813.65,1835.56,1811.84
2023-03-08,1813.59,1813.61,1824.38,1809.40
2023-03-07,1813.52,1846.92,1852.26,1812.72
2023-03-06,1846.85,1855.35,1858.84,1845.08
2023-03-03,1854.97,1836.10,1856.47,1834.51
2023-03-02,1836.00,1837.20,1838.94,1829.44
2023-03-01,1836.81,1827.24,1845.05,1823.05
2023-02-28,1827.15,1817.38,1831.27,1804.65
2023-02-27,1817.31,1812.01,1820.22,1806.68
2023-02-24,1810.81,1822.74,1827.98,1808.91
2023-02-23,1822.64,1825.12,1834.43,1817.55
2023-02-22,1825.04,1834.71,1846.26,1823.05
2023-02-21,1834.32,1841.71,1844.44,1829.70
2023-02-20,1841.14,1842.73,1847.86,1837.09
2023-02-17,1841.59,1837.52,1843.77,1818.34
2023-02-16,1837.44,1836.56,1845.45,1827.18
2023-02-15,1836.19,1854.35,1860.18,1830.20
2023-02-14,1854.29,1853.67,1871.03,1843.20
2023-02-13,1853.39,1865.69,1866.83,1850.42
2023-02-10,1864.67,1861.68,1872.31,1852.69
2023-02-09,1861.39,1875.64,1890.69,1858.89
2023-02-08,1875.59,1874.05,1886.28,1867.40
2023-02-07,1873.81,1867.39,1884.45,1864.94
2023-02-06,1867.36,1865.17,1881.54,1860.39
2023-02-03,1865.53,1912.57,1918.72,1861.41
2023-02-02,1912.37,1950.54,1959.77,1911.33
2023-02-01,1950.42,1927.92,1954.63,1920.56
2023-01-31,1927.88,1922.82,1931.15,1900.74
2023-01-30,1922.52,1928.40,1934.61,1920.58
2023-01-27,1927.34,1929.40,1935.15,1916.65
2023-01-26,1928.99,1946.09,1949.27,1918.74
2023-01-25,1945.93,1937.54,1948.12,1919.88
2023-01-24,1937.45,1931.35,1942.93,1916.82
2023-01-23,1931.30,1926.20,1935.69,1911.44
2023-01-20,1926.57,1931.48,1937.72,1920.58
2023-01-19,1931.39,1903.83,1935.40,1900.48
2023-01-18,1903.76,1908.46,1926.30,1896.56
2023-01-17,1908.39,1917.81,1919.83,1903.51
2023-01-16,1918.00,1920.39,1929.24,1910.74
2023-01-13,1920.21,1897.03,1922.24,1891.80
2023-01-12,1896.86,1876.43,1901.88,1873.64
2023-01-11,1876.38,1877.30,1887.09,1866.75
2023-01-10,1877.27,1871.66,1881.04,1867.37
2023-01-09,1871.59,1865.45,1881.80,1864.59
2023-01-06,1865.71,1833.27,1870.37,1830.53
2023-01-05,1833.19,1854.19,1859.36,1824.68
2023-01-04,1854.09,1839.51,1865.49,1835.92
2023-01-03,1839.49,1826.14,1850.69,1824.42
2023-01-02,1823.69,1823.85,1823.94,1823.85
2022-12-30,1824.40,1815.14,1826.73,1809.84
2022-12-29,1814.89,1804.16,1820.52,1802.02
2022-12-28,1804.09,1814.00,1815.18,1796.56
2022-12-27,1813.93,1796.67,1833.39,1796.20
2022-12-26,1797.61,1798.57,1798.78,1798.04
2022-12-23,1797.91,1792.65,1803.60,1789.62
2022-12-22,1792.57,1814.20,1821.10,1784.11
2022-12-21,1814.13,1818.06,1824.39,1811.24
2022-12-20,1817.41,1787.49,1821.60,1784.21
2022-12-19,1787.44,1793.13,1799.10,1783.48
2022-12-16,1792.34,1776.72,1794.69,1773.89
2022-12-15,1776.66,1807.40,1809.09,1772.00
2022-12-14,1807.27,1810.49,1814.19,1796.07
2022-12-13,1810.29,1781.21,1824.87,1779.81
2022-12-12,1781.15,1797.35,1798.00,1777.22
2022-12-09,1796.63,1789.30,1806.45,1787.96
2022-12-08,1789.23,1786.29,1795.18,1780.96
2022-12-07,1786.22,1771.14,1790.92,1768.32
2022-12-06,1770.91,1768.67,1781.46,1765.72
2022-12-05,1768.39,1797.92,1810.33,1765.32
2022-12-02,1797.82,1803.15,1804.93,1778.26
2022-12-01,1802.89,1768.54,1804.32,1767.36
2022-11-30,1768.45,1749.82,1770.39,1744.41
2022-11-29,1749.73,1740.82,1759.33,1738.98
2022-11-28,1740.75,1755.00,1764.08,1739.14
2022-11-25,1756.14,1756.48,1761.58,1745.46
2022-11-24,1754.96,1749.53,1759.08,1749.03
2022-11-23,1749.28,1740.30,1753.54,1728.25
2022-11-22,1740.24,1738.48,1749.98,1736.61
2022-11-21,1737.81,1750.82,1753.52,1732.03
2022-11-18,1749.74,1760.74,1767.98,1747.04
2022-11-17,1760.87,1773.82,1775.20,1754.13
2022-11-16,1773.77,1778.34,1785.49,1769.82
2022-11-15,1778.25,1771.88,1786.68,1766.56
2022-11-14,1771.80,1771.42,1775.36,1752.90
2022-11-11,1770.69,1754.92,1773.17,1746.85
2022-11-10,1754.75,1706.40,1757.59,1703.32
2022-11-09,1706.32,1712.60,1722.94,1701.79
2022-11-08,1712.52,1674.75,1717.31,1664.32
2022-11-07,1674.68,1681.30,1682.08,1666.44
2022-11-04,1680.27,1629.40,1682.17,1628.23
2022-11-03,1629.15,1635.80,1641.32,1616.18
2022-11-02,1634.89,1647.77,1669.60,1634.40
2022-11-01,1647.50,1633.40,1657.13,1630.93
2022-10-31,1633.12,1643.69,1645.80,1631.77
2022-10-28,1641.76,1663.30,1667.44,1637.39
2022-10-27,1662.94,1664.50,1671.09,1654.81
2022-10-26,1664.49,1653.21,1675.12,1649.15
2022-10-25,1652.52,1649.70,1662.89,1637.82
2022-10-24,1648.60,1658.19,1670.55,1643.64
2022-10-21,1656.66,1628.10,1659.08,1617.21
2022-10-20,1627.66,1629.93,1645.83,1621.93
2022-10-19,1628.49,1651.99,1654.90,1627.25
2022-10-18,1651.83,1650.49,1661.27,1645.61
2022-10-17,1649.94,1644.09,1668.69,1643.69
2022-10-14,1641.76,1665.90,1672.02,1639.90
2022-10-13,1665.80,1673.30,1682.84,1642.25
2022-10-12,1672.51,1666.49,1678.90,1660.95
2022-10-11,1665.31,1668.40,1684.44,1660.45
2022-10-10,1667.96,1696.80,1700.33,1665.30
2022-10-07,1694.52,1711.10,1715.40,1690.35
2022-10-06,1710.85,1716.06,1726.09,1706.53
2022-10-05,1715.81,1726.42,1728.10,1700.15
2022-10-04,1726.24,1699.40,1729.73,1694.73
2022-10-03,1699.22,1661.30,1701.80,1659.10
2022-09-30,1659.67,1661.13,1675.57,1658.93
2022-09-29,1660.29,1659.88,1665.12,1641.05
2022-09-28,1659.44,1629.26,1663.17,1614.35
2022-09-27,1628.80,1621.99,1642.94,1621.77
2022-09-26,1621.57,1645.40,1650.02,1620.80
2022-09-23,1643.09,1671.55,1676.59,1639.59
2022-09-22,1670.53,1675.06,1685.49,1655.53
2022-09-21,1673.74,1663.67,1688.15,1654.15
2022-09-20,1663.11,1675.47,1679.34,1659.60
2022-09-19,1675.78,1675.44,1680.16,1659.67
2022-09-16,1674.94,1664.27,1680.69,1653.85
2022-09-15,1663.74,1696.06,1698.62,1660.04
2022-09-14,1695.80,1701.86,1707.49,1693.26
2022-09-13,1701.55,1724.75,1732.34,1696.70
2022-09-12,1724.07,1717.05,1735.37,1711.97
2022-09-09,1716.05,1708.84,1729.94,1708.22
2022-09-08,1707.28,1718.40,1728.80,1703.50
2022-09-07,1717.69,1701.61,1719.82,1690.90
2022-09-06,1701.15,1710.56,1727.24,1699.30
2022-09-05,1710.21,1712.99,1716.34,1707.47
2022-09-02,1711.44,1696.35,1718.31,1694.64
2022-09-01,1696.09,1711.09,1711.81,1688.35
2022-08-31,1710.70,1723.83,1726.86,1709.10
2022-08-30,1723.55,1738.36,1740.93,1720.85
2022-08-29,1737.82,1736.19,1745.63,1720.08
2022-08-26,1736.86,1758.55,1759.31,1733.83
2022-08-25,1758.44,1751.55,1765.93,1749.71
2022-08-24,1750.89,1748.55,1755.88,1742.29
2022-08-23,1747.67,1736.40,1754.28,1730.52
2022-08-22,1735.70,1747.05,1749.31,1727.51
2022-08-19,1747.83,1759.30,1759.88,1745.19
2022-08-18,1758.20,1761.63,1772.59,1755.37
2022-08-17,1761.05,1775.98,1782.63,1759.58
2022-08-16,1775.54,1779.74,1783.37,1771.33
2022-08-15,1778.91,1802.05,1802.53,1772.75
2022-08-12,1801.76,1790.06,1802.86,1784.52
2022-08-11,1789.45,1792.39,1799.40,1783.24
2022-08-10,1792.13,1794.21,1807.90,1787.32
2022-08-09,1794.08,1789.21,1800.45,1782.85
2022-08-08,1788.52,1773.57,1790.26,1770.94
2022-08-05,1774.15,1791.16,1795.29,1764.88
2022-08-04,1790.97,1765.34,1795.29,1763.00
2022-08-03,1764.90,1760.53,1772.90,1754.33
2022-08-02,1759.75,1772.23,1788.24,1759.86
2022-08-01,1771.73,1765.05,1775.22,1758.05
2022-07-29,1765.22,1755.81,1768.17,1752.19
2022-07-28,1755.11,1734.61,1757.43,1733.59
2022-07-27,1733.89,1717.41,1740.60,1711.46
2022-07-26,1717.00,1719.69,1728.36,1713.20
2022-07-25,1718.78,1728.15,1736.43,1714.57
2022-07-22,1726.46,1718.61,1739.28,1712.93
2022-07-21,1718.49,1696.73,1720.69,1680.78
2022-07-20,1696.43,1711.30,1714.94,1692.53
2022-07-19,1711.07,1709.27,1718.64,1704.96
2022-07-18,1709.01,1707.94,1724.05,1705.89
2022-07-15,1706.78,1709.81,1716.92,1698.82
2022-07-14,1709.45,1735.70,1736.94,1697.48
2022-07-13,1735.23,1726.17,1745.54,1707.38
2022-07-12,1725.81,1733.99,1743.49,1722.93
2022-07-11,1733.67,1742.86,1744.92,1731.01
2022-07-08,1741.82,1740.05,1752.50,1733.24
2022-07-07,1739.61,1738.93,1749.14,1735.95
2022-07-06,1738.30,1764.87,1773.06,1731.75
2022-07-05,1764.35,1808.74,1812.42,1763.48
2022-07-04,1809.12,1812.27,1814.36,1803.45
2022-07-01,1810.18,1807.31,1812.09,1784.10
2022-06-30,1806.89,1817.80,1825.90,1802.20
2022-06-29,1817.11,1819.95,1833.24,1812.10
2022-06-28,1819.69,1822.85,1830.09,1818.20
2022-06-27,1822.73,1838.15,1841.34,1820.40
2022-06-24,1826.18,1822.88,1832.15,1816.70
2022-06-23,1822.43,1837.87,1846.19,1821.88
2022-06-22,1837.39,1832.96,1848.44,1823.23
2022-06-21,1832.56,1838.37,1844.15,1828.29
2022-06-20,1838.29,1840.40,1846.42,1834.49
2022-06-17,1839.35,1857.34,1858.29,1833.72
2022-06-16,1856.71,1833.99,1857.91,1815.95
2022-06-15,1833.38,1808.35,1841.74,1807.24
2022-06-14,1808.10,1819.10,1832.19,1804.65
2022-06-13,1818.77,1875.80,1877.38,1818.90
2022-06-10,1870.96,1848.09,1876.47,1825.02
2022-06-09,1847.61,1853.53,1855.52,1839.60
2022-06-08,1853.26,1852.51,1859.90,1844.35
2022-06-07,1851.97,1841.60,1855.86,1836.73
2022-06-06,1841.00,1850.29,1858.15,1840.50
2022-06-03,1850.77,1868.53,1874.30,1847.02
2022-06-02,1868.13,1846.44,1870.69,1843.76
2022-06-01,1845.55,1837.37,1850.40,1828.28
2022-05-31,1837.09,1856.40,1857.69,1834.90
2022-05-30,1856.21,1852.19,1864.34,1847.92
2022-05-27,1852.73,1850.48,1862.30,1847.76
2022-05-26,1850.02,1853.48,1854.71,1841.14
2022-05-25,1852.83,1865.09,1868.40,1842.94
2022-05-24,1865.90,1853.59,1869.99,1849.06
2022-05-23,1853.22,1846.53,1865.65,1844.08
2022-05-20,1845.68,1842.12,1849.59,1832.35
2022-05-19,1841.72,1816.60,1849.46,1810.55
2022-05-18,1815.61,1815.20,1825.02,1807.30
2022-05-17,1814.67,1824.18,1836.55,1812.68
2022-05-16,1823.79,1811.05,1827.23,1786.95
2022-05-13,1811.15,1822.48,1829.06,1799.24
2022-05-12,1821.72,1852.58,1859.30,1820.93
2022-05-11,1852.12,1838.41,1857.99,1831.83
2022-05-10,1838.14,1853.74,1865.76,1835.46
2022-05-09,1853.92,1883.80,1885.95,1851.36
2022-05-06,1882.96,1877.30,1892.93,1865.84
2022-05-05,1876.84,1881.47,1910.03,1872.48
2022-05-04,1880.92,1868.04,1889.74,1861.17
2022-05-03,1867.79,1863.05,1878.19,1850.33
2022-05-02,1862.77,1896.09,1900.10,1854.74
2022-04-29,1896.40,1894.43,1919.97,1892.25
2022-04-28,1894.34,1886.14,1897.32,1872.19
2022-04-27,1886.12,1905.45,1907.25,1881.39
2022-04-26,1905.56,1897.95,1911.50,1895.38
2022-04-25,1897.69,1931.09,1934.71,1891.05
2022-04-22,1929.73,1951.49,1955.93,1926.52
2022-04-21,1951.49,1957.84,1958.00,1936.79
2022-04-20,1957.41,1950.34,1958.57,1939.16
2022-04-19,1949.84,1979.19,1982.31,1943.80
2022-04-18,1978.50,1972.84,1998.60,1971.05
2022-04-15,1974.54,1974.28,1975.69,1973.05
2022-04-14,1973.52,1977.78,1980.81,1960.90
2022-04-13,1977.72,1967.21,1981.82,1962.59
2022-04-12,1966.59,1953.99,1978.63,1949.48
2022-04-11,1953.43,1947.15,1969.41,1940.05
2022-04-08,1945.85,1931.92,1948.46,1927.38
2022-04-07,1932.17,1925.32,1938.07,1920.27
2022-04-06,1925.48,1923.69,1933.65,1915.24
2022-04-05,1923.76,1933.38,1944.73,1917.74
2022-04-04,1932.44,1924.94,1937.05,1915.55
2022-04-01,1924.30,1937.51,1939.99,1917.56
2022-03-31,1937.23,1932.80,1949.92,1918.98
2022-03-30,1933.06,1920.07,1938.53,1915.74
2022-03-29,1919.19,1922.95,1929.41,1890.03
2022-03-28,1923.20,1958.75,1959.36,1916.83
2022-03-25,1957.40,1957.49,1964.49,1943.55
2022-03-24,1957.48,1944.88,1966.19,1937.18
2022-03-23,1943.38,1922.35,1948.55,1915.32
2022-03-22,1921.44,1935.86,1938.59,1910.89
2022-03-21,1935.95,1922.24,1940.69,1918.01
2022-03-18,1921.09,1942.90,1945.51,1917.93
2022-03-17,1942.64,1927.56,1950.10,1923.40
2022-03-16,1927.93,1918.10,1929.87,1895.22
2022-03-15,1917.84,1951.02,1954.95,1906.73
2022-03-14,1951.11,1985.49,1990.33,1949.87
2022-03-11,1985.29,1996.15,1999.22,1958.80
2022-03-10,1995.86,1991.94,2009.57,1970.66
2022-03-09,1991.49,2052.75,2059.25,1976.30
2022-03-08,2052.41,1998.30,2070.29,1981.00
2022-03-07,1998.11,1977.09,2002.90,1960.76
2022-03-04,1968.45,1935.65,1970.80,1929.78
2022-03-03,1935.21,1926.49,1941.47,1921.73
2022-03-02,1926.11,1943.69,1948.18,1913.82
2022-03-01,1943.22,1908.19,1950.45,1900.93
2022-02-28,1907.90,1920.86,1929.36,1890.59
2022-02-25,1887.56,1903.55,1921.54,1883.10
2022-02-24,1903.14,1907.99,1974.48,1879.05
2022-02-23,1907.55,1898.44,1911.00,1889.23
2022-02-22,1898.13,1905.89,1914.44,1891.16
2022-02-21,1905.63,1900.40,1908.38,1887.19
2022-02-18,1897.87,1897.94,1902.84,1886.16
2022-02-17,1897.27,1868.84,1901.57,1867.18
2022-02-16,1868.37,1853.40,1873.16,1849.94
2022-02-15,1853.06,1870.94,1879.89,1844.27
2022-02-14,1870.29,1861.55,1874.41,1850.45
2022-02-11,1859.96,1827.25,1865.63,1820.79
2022-02-10,1826.57,1832.94,1842.35,1821.46
2022-02-09,1832.43,1826.05,1836.35,1824.50
2022-02-08,1825.48,1820.59,1829.09,1815.06
2022-02-07,1820.31,1806.99,1824.06,1806.94
2022-02-04,1807.49,1804.80,1815.44,1790.94
2022-02-03,1804.40,1807.19,1809.22,1788.39
2022-02-02,1806.50,1800.94,1811.53,1794.11
2022-02-01,1800.65,1796.72,1809.16,1795.13
2022-01-31,1796.47,1791.19,1800.23,1785.03
2022-01-28,1791.03,1796.94,1799.82,1779.88
2022-01-27,1796.51,1818.44,1822.51,1790.98
2022-01-26,1818.12,1847.99,1850.44,1814.90
2022-01-25,1847.56,1843.34,1853.98,1834.64
2022-01-24,1843.06,1834.49,1844.53,1829.09
2022-01-21,1833.24,1838.65,1843.53,1828.04
2022-01-20,1838.36,1840.30,1848.36,1835.67
2022-01-19,1839.96,1813.69,1843.72,1809.97
2022-01-18,1813.54,1819.77,1823.01,1805.53
2022-01-17,1818.99,1817.90,1823.72,1812.67
2022-01-14,1817.22,1822.55,1829.66,1814.13
2022-01-13,1822.09,1825.94,1828.38,1811.83
2022-01-12,1825.32,1822.49,1828.33,1814.20
2022-01-11,1822.01,1801.69,1823.35,1800.09
2022-01-10,1801.41,1795.41,1802.57,1790.43
2022-01-07,1795.63,1789.55,1799.20,1782.63
2022-01-06,1788.68,1809.94,1811.89,1786.03
2022-01-05,1809.53,1814.90,1829.82,1807.97
2022-01-04,1814.56,1801.34,1816.83,1798.44
2022-01-03,1800.85,1830.14,1832.06,1797.93
2021-12-31,1828.39,1815.44,1830.58,1814.15
2021-12-30,1815.01,1803.99,1817.44,1795.78
2021-12-29,1803.66,1805.59,1808.16,1788.94
2021-12-28,1805.37,1811.84,1820.70,1804.38
2021-12-27,1810.90,1808.19,1813.74,1802.89
2021-12-24,1808.11,1808.19,1812.70,1801.61
2021-12-23,1807.91,1803.69,1811.02,1798.88
2021-12-22,1803.40,1788.94,1805.13,1785.41
2021-12-21,1788.36,1789.74,1800.85,1784.58
2021-12-20,1789.32,1799.40,1804.32,1787.98
2021-12-17,1797.68,1799.55,1814.63,1795.67
2021-12-16,1799.03,1777.40,1799.53,1775.43
2021-12-15,1777.06,1770.49,1781.04,1753.84
2021-12-14,1770.18,1787.19,1789.74,1766.31
2021-12-13,1786.94,1782.94,1791.78,1781.51
2021-12-10,1782.51,1774.94,1789.47,1769.43
2021-12-09,1774.46,1782.49,1788.05,1772.80
2021-12-08,1782.06,1784.40,1793.60,1779.45
2021-12-07,1784.04,1778.08,1788.02,1771.93
2021-12-06,1778.11,1784.79,1787.87,1775.91
2021-12-03,1783.74,1768.84,1786.44,1765.63
2021-12-02,1768.64,1783.05,1783.58,1761.68
2021-12-01,1782.66,1774.15,1794.80,1771.96
2021-11-30,1773.78,1785.34,1809.38,1769.43
2021-11-29,1785.01,1790.05,1799.80,1781.23
2021-11-26,1791.81,1788.70,1815.78,1780.79
2021-11-25,1788.45,1789.49,1795.65,1785.85
2021-11-24,1788.50,1790.34,1797.01,1778.44
2021-11-23,1789.73,1805.65,1812.50,1781.63
2021-11-22,1805.04,1846.74,1849.49,1801.95
2021-11-19,1844.60,1858.90,1865.76,1842.98
2021-11-18,1858.46,1866.97,1871.29,1854.94
2021-11-17,1866.96,1850.34,1868.32,1849.38
2021-11-16,1849.91,1862.94,1877.40,1849.16
2021-11-15,1862.46,1868.15,1870.57,1855.73
2021-11-12,1864.04,1861.99,1868.69,1844.78
2021-11-11,1861.52,1849.69,1866.35,1842.66
2021-11-10,1849.57,1831.90,1868.70,1821.60
2021-11-09,1831.48,1824.74,1833.08,1817.70
2021-11-08,1824.26,1818.44,1826.93,1812.08
2021-11-05,1816.73,1792.14,1818.61,1785.17
2021-11-04,1791.70,1769.98,1799.26,1769.13
2021-11-03,1769.52,1787.71,1788.42,1758.45
2021-11-02,1787.28,1793.61,1796.91,1785.78
2021-11-01,1793.05,1783.24,1796.20,1778.89
2021-10-29,1782.81,1799.03,1801.49,1771.70
2021-10-28,1798.62,1796.78,1810.49,1792.34
2021-10-27,1796.69,1793.04,1799.38,1782.83
2021-10-26,1792.63,1807.90,1808.50,1781.98
2021-10-25,1807.47,1794.00,1810.18,1791.95
2021-10-22,1792.48,1782.89,1814.22,1782.46
2021-10-21,1782.76,1782.10,1789.61,1776.07
2021-10-20,1781.83,1769.28,1788.68,1766.50
2021-10-19,1768.87,1764.99,1785.53,1762.48
2021-10-18,1764.60,1767.74,1772.30,1759.68
2021-10-15,1767.26,1795.81,1796.89,1764.48
2021-10-14,1795.56,1792.75,1800.91,1786.22
2021-10-13,1792.65,1760.05,1796.31,1757.89
2021-10-12,1759.93,1754.12,1769.78,1750.47
2021-10-11,1753.86,1757.34,1761.36,1749.68
2021-10-08,1756.67,1755.89,1781.60,1753.03
2021-10-07,1755.29,1762.74,1767.45,1751.38
2021-10-06,1762.48,1760.45,1765.78,1745.45
2021-10-05,1759.96,1769.75,1771.03,1748.56
2021-10-04,1769.51,1762.15,1771.06,1747.23
2021-10-01,1760.36,1756.91,1764.40,1749.36
2021-09-30,1756.66,1726.40,1764.53,1721.67
2021-09-29,1726.11,1733.97,1746.11,1721.07
2021-09-28,1733.68,1750.45,1754.80,1727.18
2021-09-27,1749.85,1751.24,1761.29,1744.19
2021-09-24,1749.86,1742.82,1758.08,1739.60
2021-09-23,1742.57,1768.40,1776.60,1737.84
2021-09-22,1767.91,1774.51,1787.51,1764.84
2021-09-21,1774.25,1764.19,1782.07,1757.61
2021-09-20,1763.88,1754.30,1767.31,1742.24
2021-09-17,1754.16,1753.67,1768.22,1747.07
2021-09-16,1753.39,1794.34,1796.71,1745.04
2021-09-15,1792.59,1804.53,1807.30,1790.28
2021-09-14,1804.27,1793.77,1808.99,1781.89
2021-09-13,1793.49,1788.55,1798.66,1783.73
2021-09-10,1787.34,1794.61,1804.15,1786.53
2021-09-09,1794.69,1789.19,1801.19,1783.83
2021-09-08,1788.93,1794.41,1802.60,1781.98
2021-09-07,1794.13,1823.27,1827.39,1792.33
2021-09-06,1823.10,1828.66,1830.60,1820.58
2021-09-03,1826.19,1809.98,1834.55,1808.53
2021-09-02,1809.40,1813.92,1817.53,1804.48
2021-09-01,1813.66,1813.57,1820.21,1808.18
2021-08-31,1813.43,1810.26,1819.43,1801.47
2021-08-30,1810.17,1817.55,1823.38,1807.28
2021-08-27,1816.67,1792.60,1819.38,1787.66
2021-08-26,1792.16,1791.09,1798.61,1779.48
2021-08-25,1790.68,1802.86,1803.57,1782.45
2021-08-24,1802.61,1805.61,1810.03,1799.73
2021-08-23,1805.20,1780.55,1806.92,1776.03
2021-08-20,1780.87,1780.44,1788.85,1777.96
2021-08-19,1780.18,1788.05,1792.56,1774.20
2021-08-18,1787.59,1786.21,1794.31,1777.31
2021-08-17,1785.96,1787.51,1795.77,1780.28
2021-08-16,1787.24,1778.44,1789.51,1770.38
2021-08-13,1779.15,1752.72,1780.53,1751.27
2021-08-12,1752.44,1751.66,1758.62,1741.29
2021-08-11,1751.56,1729.01,1754.63,1723.54
2021-08-10,1728.71,1729.74,1738.49,1717.17
2021-08-09,1729.46,1763.34,1764.65,1684.77
2021-08-06,1762.69,1804.28,1804.93,1758.33
2021-08-05,1804.01,1811.69,1815.45,1797.74
2021-08-04,1811.41,1810.60,1832.10,1806.54
2021-08-03,1809.94,1813.64,1815.18,1806.73
2021-08-02,1813.39,1814.34,1819.94,1805.12
2021-07-30,1813.58,1828.21,1831.63,1809.48
2021-07-29,1827.95,1807.15,1833.05,1806.29
2021-07-28,1806.88,1799.00,1809.90,1792.60
2021-07-27,1798.73,1797.53,1805.60,1792.83
2021-07-26,1797.27,1802.65,1811.97,1795.68
2021-07-23,1801.34,1806.95,1810.56,1790.45
2021-07-22,1806.69,1803.58,1808.34,1792.11
2021-07-21,1803.31,1810.32,1814.02,1794.18
2021-07-20,1810.03,1812.61,1825.27,1805.06
2021-07-19,1812.34,1811.65,1817.56,1794.66
2021-07-16,1810.89,1829.45,1832.20,1808.65
2021-07-15,1829.19,1827.35,1833.99,1820.07
2021-07-14,1827.06,1807.72,1830.32,1804.21
2021-07-13,1807.44,1806.17,1817.51,1798.54
2021-07-12,1805.88,1807.94,1811.04,1791.21
2021-07-09,1807.98,1802.89,1812.71,1796.09
2021-07-08,1802.56,1803.67,1818.70,1794.28
2021-07-07,1803.41,1796.96,1810.13,1793.64
2021-07-06,1796.69,1791.88,1815.34,1789.91
2021-07-05,1791.61,1787.69,1795.69,1784.09
2021-07-02,1786.79,1776.83,1795.40,1773.73
2021-07-01,1776.60,1770.06,1783.07,1765.47
2021-06-30,1769.80,1761.35,1774.72,1752.78
2021-06-29,1761.09,1778.44,1779.24,1750.11
2021-06-28,1778.18,1781.24,1785.90,1770.69
2021-06-25,1780.34,1775.46,1790.60,1773.27
2021-06-24,1775.18,1779.01,1788.56,1772.67
2021-06-23,1778.73,1778.80,1795.18,1773.13
2021-06-22,1778.51,1783.23,1790.42,1771.99
2021-06-21,1782.95,1764.44,1786.75,1764.44
2021-06-18,1763.34,1772.73,1797.24,1761.04
2021-06-17,1773.31,1812.18,1825.58,1766.88
2021-06-16,1811.95,1858.96,1862.43,1804.19
2021-06-15,1858.69,1866.26,1869.67,1851.28
2021-06-14,1865.99,1874.59,1878.21,1844.57
2021-06-11,1876.64,1898.42,1903.30,1874.07
2021-06-10,1898.14,1888.57,1900.09,1869.84
2021-06-09,1888.30,1893.49,1899.40,1886.58
2021-06-08,1892.82,1898.99,1903.95,1883.38
2021-06-07,1899.00,1888.49,1900.41,1880.88
2021-06-04,1889.97,1871.32,1896.60,1856.09
2021-06-03,1870.57,1908.09,1909.89,1865.11
2021-06-02,1907.94,1900.05,1909.34,1894.05
2021-06-01,1900.19,1907.53,1916.84,1892.28
2021-05-31,1906.36,1903.69,1911.13,1901.56
2021-05-28,1902.64,1897.05,1905.90,1881.84
2021-05-27,1896.08,1896.49,1903.87,1888.22
2021-05-26,1896.44,1899.49,1913.15,1890.34
2021-05-25,1899.26,1880.69,1900.63,1872.73
2021-05-24,1881.07,1882.34,1887.44,1875.19
2021-05-21,1880.30,1876.84,1889.85,1870.01
2021-05-20,1876.69,1869.74,1884.12,1863.53
2021-05-19,1869.57,1869.59,1890.15,1851.94
2021-05-18,1868.22,1866.59,1875.40,1862.94
2021-05-17,1866.13,1843.84,1868.80,1841.24
2021-05-14,1842.19,1826.49,1845.55,1819.79
2021-05-13,1826.57,1815.90,1828.81,1808.78
2021-05-12,1815.44,1837.40,1843.69,1813.00
2021-05-11,1836.94,1834.58,1842.32,1817.68
2021-05-10,1835.44,1833.24,1845.53,1830.09
2021-05-07,1830.48,1815.48,1843.45,1812.90
2021-05-06,1815.18,1787.09,1818.21,1781.67
2021-05-05,1786.44,1778.91,1788.35,1769.95
2021-05-04,1778.48,1792.29,1799.38,1770.84
2021-05-03,1792.36,1768.49,1798.22,1765.91
2021-04-30,1768.59,1772.90,1773.98,1763.73
2021-04-29,1771.24,1780.90,1790.43,1756.19
2021-04-28,1781.32,1776.80,1782.85,1762.56
2021-04-27,1776.69,1780.42,1785.90,1773.52
2021-04-26,1780.19,1776.34,1783.69,1768.70
2021-04-23,1777.18,1784.33,1796.06,1770.05
2021-04-22,1783.94,1794.15,1798.29,1776.83
2021-04-21,1793.46,1778.64,1797.98,1775.95
2021-04-20,1777.25,1770.30,1780.77,1763.18
2021-04-19,1769.31,1779.50,1790.54,1765.98
2021-04-16,1776.31,1763.84,1784.07,1759.79
2021-04-15,1763.21,1737.10,1769.91,1734.10
2021-04-14,1736.00,1744.30,1749.58,1732.13
2021-04-13,1743.83,1732.59,1749.23,1723.27
2021-04-12,1732.51,1743.80,1745.36,1727.18
2021-04-09,1743.10,1756.54,1757.47,1731.09
2021-04-08,1755.94,1737.84,1759.13,1732.99
2021-04-07,1737.28,1742.96,1744.57,1730.13
2021-04-06,1743.57,1728.49,1745.68,1726.82
2021-04-05,1728.44,1728.74,1733.75,1721.22
2021-04-02,1728.84,1730.47,1732.55,1728.67
2021-04-01,1730.18,1708.09,1730.80,1705.42
2021-03-31,1707.01,1685.59,1715.28,1677.93
2021-03-30,1684.80,1712.55,1714.74,1678.85
2021-03-29,1711.99,1732.15,1733.34,1705.58
2021-03-26,1731.97,1727.30,1737.01,1721.23
2021-03-25,1726.82,1735.65,1745.95,1721.84
2021-03-24,1734.19,1727.80,1738.56,1723.85
2021-03-23,1727.11,1739.05,1742.85,1724.42
2021-03-22,1738.69,1745.74,1747.18,1727.40
2021-03-19,1744.74,1735.90,1746.88,1728.04
2021-03-18,1736.41,1745.09,1755.59,1719.05
2021-03-17,1744.44,1730.61,1751.81,1724.14
2021-03-16,1730.94,1730.57,1741.40,1725.80
2021-03-15,1731.84,1727.74,1734.99,1721.31
2021-03-12,1726.41,1721.59,1728.42,1698.85
2021-03-11,1721.41,1726.55,1739.99,1719.38
2021-03-10,1726.05,1715.94,1726.76,1707.99
2021-03-09,1715.36,1682.55,1720.83,1679.80
2021-03-08,1681.24,1702.80,1714.45,1676.70
2021-03-05,1700.86,1698.59,1707.76,1687.12
2021-03-04,1697.19,1711.84,1723.34,1690.64
2021-03-03,1710.95,1738.59,1740.85,1701.94
2021-03-02,1738.09,1724.10,1738.89,1707.18
2021-03-01,1723.84,1733.40,1760.02,1719.52
2021-02-26,1733.49,1770.49,1776.10,1717.26
2021-02-25,1769.88,1804.80,1806.06,1765.44
2021-02-24,1804.36,1805.34,1813.99,1783.30
2021-02-23,1805.06,1809.09,1816.27,1795.78
2021-02-22,1808.66,1782.24,1812.76,1780.46
2021-02-19,1782.31,1776.19,1791.70,1760.13
2021-02-18,1775.49,1776.69,1789.88,1767.98
2021-02-17,1776.26,1794.65,1795.45,1769.27
2021-02-16,1794.31,1819.34,1826.75,1789.19
2021-02-15,1818.51,1825.34,1827.59,1815.71
2021-02-12,1823.46,1825.90,1830.80,1810.33
2021-02-11,1825.36,1842.65,1847.95,1820.63
2021-02-10,1842.22,1837.55,1855.70,1833.91
2021-02-09,1837.06,1830.59,1849.15,1828.63
2021-02-08,1830.16,1815.44,1839.15,1807.48
2021-02-05,1811.62,1792.49,1815.32,1791.80
2021-02-04,1792.26,1834.34,1835.13,1785.15
2021-02-03,1833.76,1837.49,1845.29,1829.49
2021-02-02,1837.35,1860.84,1864.26,1829.46
2021-02-01,1860.16,1863.05,1871.84,1849.04
2021-01-29,1846.09,1840.90,1876.03,1839.56
2021-01-28,1840.36,1844.34,1864.26,1833.81
2021-01-27,1843.99,1850.65,1853.58,1831.29
2021-01-26,1850.31,1855.55,1861.86,1848.36
2021-01-25,1854.99,1855.75,1868.45,1847.30
2021-01-22,1852.55,1870.09,1871.17,1837.09
2021-01-21,1869.91,1871.07,1875.45,1858.16
2021-01-20,1870.91,1840.05,1872.03,1832.46
2021-01-19,1839.34,1838.09,1845.98,1833.06
2021-01-18,1836.89,1828.94,1840.95,1810.46
2021-01-15,1826.59,1846.80,1856.85,1823.21
2021-01-14,1846.37,1843.94,1857.59,1833.21
2021-01-13,1843.41,1856.19,1863.26,1843.34
2021-01-12,1855.63,1845.34,1864.08,1837.41
2021-01-11,1844.66,1849.34,1857.05,1817.14
2021-01-08,1848.26,1912.90,1917.85,1828.74
2021-01-07,1912.50,1919.40,1927.97,1906.86
2021-01-06,1918.81,1950.30,1959.60,1901.11
2021-01-05,1949.35,1942.65,1953.17,1934.08
2021-01-04,1942.28,1906.05,1944.65,1905.36
2021-01-01,1898.10,1897.69,1899.12,1897.39
2020-12-31,1896.49,1893.55,1901.26,1884.77
2020-12-30,1893.37,1878.34,1894.06,1875.66
2020-12-29,1877.99,1872.24,1886.91,1870.99
2020-12-28,1871.19,1885.93,1900.53,1869.21
2020-12-25,1875.82,1877.07,1877.07,1877.07
2020-12-24,1876.56,1872.74,1882.55,1869.52
2020-12-23,1872.08,1859.99,1878.59,1858.59
2020-12-22,1859.56,1876.65,1884.61,1858.73
2020-12-21,1876.21,1883.20,1906.93,1856.69
2020-12-18,1880.66,1885.80,1889.88,1876.97
2020-12-17,1885.87,1864.26,1896.26,1861.83
2020-12-16,1864.15,1853.94,1866.20,1844.75
2020-12-15,1853.46,1827.80,1855.76,1825.29
2020-12-14,1827.17,1839.30,1839.86,1819.92
2020-12-11,1839.03,1835.55,1847.89,1824.23
2020-12-10,1835.31,1839.59,1850.40,1828.48
2020-12-09,1839.11,1871.19,1871.37,1825.71
2020-12-08,1871.36,1863.55,1875.79,1859.83
2020-12-07,1863.69,1837.99,1868.76,1822.99
2020-12-04,1837.61,1841.05,1848.26,1829.30
2020-12-03,1840.36,1831.34,1844.45,1823.60
2020-12-02,1831.01,1815.19,1832.65,1806.99
2020-12-01,1814.87,1777.40,1817.55,1775.52
2020-11-30,1777.02,1789.05,1789.99,1764.69
2020-11-27,1788.13,1811.09,1813.81,1773.93
2020-11-26,1810.57,1805.74,1818.78,1805.31
2020-11-25,1805.30,1807.69,1817.98,1801.33
2020-11-24,1807.51,1836.65,1839.26,1800.69
2020-11-23,1835.85,1869.84,1876.72,1830.85
2020-11-20,1870.49,1867.59,1879.98,1860.66
2020-11-19,1867.37,1871.44,1874.34,1852.48
2020-11-18,1871.41,1878.60,1884.92,1863.94
2020-11-17,1878.60,1889.15,1893.90,1877.69
2020-11-16,1888.52,1888.74,1899.35,1864.74
2020-11-13,1888.04,1876.44,1897.16,1873.76
2020-11-12,1875.76,1865.30,1883.88,1862.46
2020-11-11,1864.71,1877.34,1884.93,1856.05
2020-11-10,1876.50,1862.15,1890.60,1860.30
2020-11-09,1861.86,1954.65,1965.92,1850.36
2020-11-06,1951.51,1949.24,1960.77,1935.40
2020-11-05,1948.56,1903.65,1952.95,1902.43
2020-11-04,1903.21,1908.59,1916.68,1883.15
2020-11-03,1908.36,1895.80,1910.71,1886.81
2020-11-02,1895.10,1878.59,1896.12,1873.21
2020-10-30,1877.95,1868.24,1889.85,1864.64
2020-10-29,1867.13,1876.94,1885.42,1859.67
2020-10-28,1877.06,1908.05,1911.03,1869.59
2020-10-27,1906.83,1902.19,1911.34,1897.47
2020-10-26,1901.69,1902.34,1908.55,1890.90
2020-10-23,1900.79,1904.24,1914.30,1894.54
2020-10-22,1904.04,1924.34,1926.00,1894.80
2020-10-21,1924.49,1908.65,1931.41,1907.94
2020-10-20,1906.39,1904.24,1914.20,1894.74
2020-10-19,1904.27,1899.94,1918.59,1897.09
2020-10-16,1898.97,1907.95,1914.06,1897.59
2020-10-15,1907.82,1900.31,1909.22,1889.46
2020-10-14,1900.89,1891.90,1913.03,1882.44
2020-10-13,1890.82,1922.42,1925.73,1886.59
2020-10-12,1921.95,1930.50,1933.45,1918.19
2020-10-09,1929.43,1894.19,1930.83,1893.32
2020-10-08,1893.09,1887.40,1900.73,1881.86
2020-10-07,1887.22,1878.84,1898.31,1873.05
2020-10-06,1877.13,1913.28,1921.10,1874.57
2020-10-05,1912.90,1902.24,1918.74,1886.81
2020-10-02,1898.70,1905.65,1917.28,1889.57
2020-10-01,1905.05,1885.80,1912.09,1884.48
2020-09-30,1885.44,1897.81,1902.39,1881.31
2020-09-29,1897.69,1881.40,1899.24,1875.56
2020-09-28,1880.85,1859.00,1883.39,1849.19
2020-09-25,1860.05,1868.61,1875.28,1852.59
2020-09-24,1868.04,1863.42,1877.30,1848.45
2020-09-23,1863.55,1900.20,1905.56,1855.77
2020-09-22,1899.28,1912.80,1919.99,1894.93
2020-09-21,1912.57,1949.55,1955.75,1883.21
2020-09-18,1949.69,1943.87,1960.20,1941.79
2020-09-17,1942.60,1959.99,1963.48,1932.99
2020-09-16,1959.32,1956.19,1973.63,1949.89
2020-09-15,1955.52,1957.31,1972.35,1948.64
2020-09-14,1956.37,1941.05,1962.52,1937.46
2020-09-11,1941.50,1955.20,1957.95,1937.42
2020-09-10,1954.07,1946.06,1966.50,1941.42
2020-09-09,1946.66,1932.26,1950.95,1920.20
2020-09-08,1931.26,1929.14,1940.80,1906.57
2020-09-07,1929.18,1930.35,1941.45,1924.43
2020-09-04,1932.85,1931.51,1942.25,1916.64
2020-09-03,1930.85,1943.00,1951.15,1921.95
2020-09-02,1942.98,1969.71,1974.41,1932.75
2020-09-01,1970.49,1967.58,1992.26,1963.22
2020-08-31,1970.15,1965.39,1976.53,1954.55
2020-08-28,1964.89,1929.44,1973.81,1923.71
2020-08-27,1929.20,1953.35,1976.32,1909.96
2020-08-26,1954.03,1928.66,1955.15,1902.81
2020-08-25,1928.19,1932.66,1937.55,1914.31
2020-08-24,1933.09,1938.63,1962.04,1924.28
2020-08-21,1940.16,1946.96,1956.37,1911.76
2020-08-20,1943.60,1929.28,1955.99,1925.47
2020-08-19,1929.82,2001.22,2006.51,1924.63
2020-08-18,2001.20,1985.47,2015.23,1977.56
2020-08-17,1986.20,1946.22,1990.91,1929.74
2020-08-14,1944.29,1953.98,1962.62,1932.46
2020-08-13,1954.00,1920.87,1966.83,1913.42
2020-08-12,1918.07,1911.26,1949.26,1863.92
2020-08-11,1911.64,2027.11,2031.59,1901.57
2020-08-10,2027.77,2033.71,2050.10,2019.42
2020-08-07,2035.03,2064.52,2072.90,2015.48
2020-08-06,2063.81,2040.03,2069.84,2034.83
2020-08-05,2040.40,2018.98,2056.10,2010.33
2020-08-04,2018.52,1976.45,2019.96,1968.38
2020-08-03,1977.25,1980.43,1985.22,1960.15
2020-07-31,1975.89,1960.96,1981.11,1955.99
2020-07-30,1960.50,1970.89,1972.25,1940.17
2020-07-29,1970.73,1959.71,1980.67,1944.96
2020-07-28,1959.50,1942.22,1981.14,1907.69
2020-07-27,1942.42,1899.29,1945.71,1899.29
2020-07-24,1901.46,1886.83,1906.47,1881.58
2020-07-23,1887.44,1871.97,1898.49,1862.38
2020-07-22,1872.07,1841.89,1872.41,1840.25
2020-07-21,1842.22,1815.53,1843.75,1815.44
2020-07-20,1816.09,1809.28,1820.76,1805.70
2020-07-17,1809.90,1797.30,1812.59,1795.11
2020-07-16,1797.05,1811.72,1813.41,1795.10
2020-07-15,1811.90,1808.14,1815.00,1802.91
2020-07-14,1807.78,1802.77,1810.94,1791.02
2020-07-13,1803.39,1798.69,1813.65,1797.94
2020-07-10,1798.89,1801.71,1810.94,1794.47
2020-07-09,1803.19,1810.68,1815.99,1795.76
2020-07-08,1810.78,1794.93,1818.37,1791.82
2020-07-07,1795.26,1784.57,1797.93,1774.37
2020-07-06,1783.90,1776.24,1786.98,1770.09
2020-07-03,1775.05,1774.03,1777.01,1772.03
2020-07-02,1776.13,1769.60,1780.21,1757.85
2020-07-01,1770.32,1780.91,1789.27,1759.02
2020-06-30,1781.66,1771.77,1786.46,1765.77
2020-06-29,1772.28,1773.27,1775.86,1766.07
2020-06-26,1771.47,1762.35,1772.36,1748.04
2020-06-25,1761.82,1759.76,1768.84,1755.23
2020-06-24,1762.43,1769.09,1780.06,1761.09
2020-06-23,1767.54,1756.03,1771.69,1747.90
2020-06-22,1755.44,1749.00,1763.82,1743.78
2020-06-19,1743.62,1723.16,1745.68,1721.36
2020-06-18,1722.99,1725.57,1736.87,1717.28
2020-06-17,1727.04,1727.34,1730.62,1713.37
2020-06-16,1727.46,1725.79,1733.06,1715.93
2020-06-15,1725.53,1732.35,1734.78,1704.76
2020-06-12,1730.80,1728.32,1743.59,1723.12
2020-06-11,1727.51,1737.11,1744.72,1721.34
2020-06-10,1737.10,1714.33,1740.29,1708.83
2020-06-09,1714.57,1700.25,1720.75,1691.92
2020-06-08,1695.47,1684.16,1701.27,1677.61
2020-06-05,1685.83,1711.20,1716.39,1670.75
2020-06-04,1711.84,1699.11,1722.22,1697.40
2020-06-03,1698.63,1728.97,1732.92,1690.01
2020-06-02,1727.97,1740.93,1745.54,1721.52
2020-06-01,1740.34,1736.42,1744.52,1727.03
2020-05-29,1728.30,1721.70,1738.99,1713.79
2020-05-28,1719.40,1709.68,1727.69,1707.19
2020-05-27,1709.25,1712.03,1715.77,1693.60
2020-05-26,1712.45,1729.65,1736.29,1708.31
2020-05-25,1729.57,1734.73,1735.57,1720.47
2020-05-22,1736.07,1725.26,1741.51,1724.29
2020-05-21,1726.34,1750.18,1750.64,1717.56
2020-05-20,1749.50,1744.44,1754.08,1740.91
2020-05-19,1745.11,1733.37,1748.77,1725.83
2020-05-18,1732.32,1742.93,1764.81,1726.26
2020-05-15,1743.00,1731.13,1753.25,1728.52
2020-05-14,1730.65,1715.01,1737.34,1710.39
2020-05-13,1715.99,1701.21,1718.33,1697.92
2020-05-12,1702.72,1696.25,1711.04,1692.28
2020-05-11,1697.35,1703.76,1713.67,1691.56
2020-05-08,1702.65,1717.46,1724.56,1701.61
2020-05-07,1717.94,1686.08,1722.02,1681.96
2020-05-06,1685.88,1705.77,1707.85,1681.34
2020-05-05,1707.17,1701.78,1712.60,1691.13
2020-05-04,1701.69,1697.26,1712.00,1690.96
2020-05-01,1700.41,1685.24,1706.21,1669.82
2020-04-30,1685.05,1715.22,1726.14,1684.16
2020-04-29,1712.38,1708.72,1717.52,1697.72
2020-04-28,1708.63,1716.19,1716.19,1691.80
2020-04-27,1715.57,1724.86,1727.82,1705.82
2020-04-24,1729.43,1733.32,1737.89,1710.63
2020-04-23,1731.59,1713.00,1738.84,1704.05
2020-04-22,1714.82,1686.47,1719.66,1680.05
2020-04-21,1687.02,1694.22,1698.48,1660.99
2020-04-20,1694.12,1691.44,1703.02,1671.74
2020-04-17,1684.69,1713.49,1718.69,1678.52
2020-04-16,1718.40,1716.29,1738.74,1706.92
2020-04-15,1716.60,1729.43,1731.43,1706.99
2020-04-14,1729.70,1714.09,1748.50,1709.10
2020-04-13,1714.32,1682.25,1722.36,1672.95
2020-04-10,1689.90,1675.00,1696.50,1675.00
2020-04-09,1684.07,1644.28,1690.29,1642.34
2020-04-08,1646.52,1645.94,1657.06,1641.15
2020-04-07,1648.95,1662.38,1671.88,1641.06
2020-04-06,1663.00,1596.80,1669.76,1596.80
2020-04-03,1618.45,1609.99,1627.04,1607.00
2020-04-02,1613.79,1590.75,1621.27,1576.43
2020-04-01,1595.05,1569.45,1604.12,1568.91
2020-03-31,1571.31,1612.25,1623.52,1562.25
2020-03-30,1623.30,1617.38,1635.59,1607.63
2020-03-27,1623.50,1634.99,1640.76,1614.75
2020-03-26,1632.38,1620.16,1645.80,1595.81
2020-03-25,1613.79,1618.79,1636.29,1584.18
2020-03-24,1622.03,1565.36,1644.35,1564.77
2020-03-23,1553.81,1508.25,1561.76,1485.40
2020-03-20,1498.24,1470.39,1516.43,1460.49
2020-03-19,1471.00,1486.10,1501.61,1464.75
2020-03-18,1486.30,1527.30,1546.05,1472.60
2020-03-17,1528.58,1512.05,1553.11,1465.60
2020-03-16,1514.61,1550.59,1573.49,1451.68
2020-03-13,1529.70,1576.83,1597.72,1506.73
2020-03-12,1577.09,1634.69,1650.13,1560.96
2020-03-11,1635.03,1649.69,1670.97,1632.90
2020-03-10,1649.36,1678.90,1680.36,1642.11
2020-03-09,1680.20,1694.60,1703.16,1657.96
2020-03-06,1674.23,1670.66,1692.11,1647.98
2020-03-05,1670.61,1635.83,1674.66,1634.92
2020-03-04,1635.83,1639.85,1651.68,1631.99
2020-03-03,1639.77,1590.78,1649.50,1587.79
2020-03-02,1590.73,1590.99,1610.78,1579.54
2020-02-28,1585.12,1642.14,1649.49,1565.86
2020-02-27,1642.35,1640.56,1660.44,1635.66
2020-02-26,1639.96,1635.46,1655.07,1625.72
2020-02-25,1635.38,1660.72,1660.85,1629.01
2020-02-24,1660.72,1658.96,1688.96,1652.30
2020-02-21,1643.70,1619.79,1649.14,1618.99
2020-02-20,1619.70,1611.71,1623.74,1603.89
2020-02-19,1611.64,1601.80,1612.91,1599.49
2020-02-18,1601.91,1583.31,1605.35,1582.96
2020-02-17,1581.10,1584.75,1584.86,1578.40
2020-02-14,1584.70,1576.29,1585.04,1573.15
2020-02-13,1576.39,1565.62,1578.11,1565.43
2020-02-12,1565.63,1567.73,1570.48,1561.46
2020-02-11,1567.72,1572.01,1573.96,1562.18
2020-02-10,1572.30,1569.94,1577.16,1568.01
2020-02-07,1570.29,1566.96,1574.05,1562.38
2020-02-06,1566.85,1556.88,1568.29,1552.24
2020-02-05,1556.70,1552.57,1562.31,1547.20
2020-02-04,1552.55,1576.30,1579.54,1548.99
2020-02-03,1576.45,1589.85,1591.86,1571.26
2020-01-31,1590.20,1574.27,1590.20,1570.84
2020-01-30,1574.22,1576.98,1585.97,1572.49
2020-01-29,1577.12,1566.21,1577.96,1563.10
2020-01-28,1566.24,1582.05,1583.17,1565.64
2020-01-27,1581.95,1579.99,1586.72,1575.59
2020-01-24,1570.65,1563.29,1575.76,1556.16
2020-01-23,1563.33,1558.93,1567.94,1551.29
2020-01-22,1558.91,1558.03,1559.35,1549.81
2020-01-21,1558.02,1560.85,1568.65,1546.25
2020-01-20,1561.58,1558.56,1562.81,1556.35
2020-01-17,1556.61,1552.90,1561.30,1549.26
2020-01-16,1552.79,1556.17,1558.14,1547.85
2020-01-15,1556.19,1546.26,1558.23,1546.01
2020-01-14,1546.37,1548.31,1548.80,1535.88
2020-01-13,1548.30,1562.29,1562.30,1546.52
2020-01-10,1562.28,1552.26,1563.19,1545.32
2020-01-09,1552.37,1555.76,1561.33,1539.88
2020-01-08,1555.81,1573.99,1611.00,1551.97
2020-01-07,1573.99,1565.93,1577.38,1555.10
2020-01-06,1565.96,1560.59,1582.69,1560.59
2020-01-03,1551.65,1529.11,1553.45,1527.95
2020-01-02,1528.94,1517.13,1531.30,1517.09
2020-01-01,1517.30,1517.26,1517.48,1517.20
2019-12-31,1517.39,1515.51,1525.59,1514.79
2019-12-30,1515.22,1511.49,1516.30,1509.96
2019-12-27,1510.67,1511.55,1515.34,1506.73
2019-12-26,1511.55,1499.41,1512.55,1497.45
2019-12-25,1499.55,1499.55,1499.55,1499.55
2019-12-24,1499.56,1486.07,1501.08,1484.96
2019-12-23,1485.52,1478.20,1486.16,1477.50
2019-12-20,1478.20,1479.29,1481.06,1475.50
2019-12-19,1479.15,1475.29,1481.90,1472.60
2019-12-18,1475.44,1476.45,1479.39,1470.10
2019-12-17,1476.45,1476.25,1480.61,1474.06
2019-12-16,1476.25,1475.45,1479.86,1472.80
2019-12-13,1475.81,1469.62,1478.00,1462.41
2019-12-12,1469.43,1474.85,1486.90,1464.45
2019-12-11,1474.85,1464.04,1478.90,1462.14
2019-12-10,1464.21,1462.08,1469.24,1459.55
2019-12-09,1461.99,1459.19,1465.50,1458.55
2019-12-06,1459.76,1475.85,1477.15,1458.42
2019-12-05,1475.70,1474.06,1480.50,1472.60
2019-12-04,1474.35,1477.21,1484.25,1471.21
2019-12-03,1477.34,1462.50,1481.90,1458.87
2019-12-02,1462.44,1466.73,1466.73,1453.70
2019-11-29,1464.80,1456.70,1467.21,1453.38
2019-11-28,1458.34,1456.85,1458.45,1454.19
2019-11-27,1454.35,1461.35,1461.82,1452.20
2019-11-26,1461.60,1455.28,1463.06,1450.70
2019-11-25,1454.97,1462.14,1462.14,1453.50
2019-11-22,1462.29,1464.40,1473.15,1461.00
2019-11-21,1464.40,1471.40,1475.85,1462.43
2019-11-20,1471.25,1472.39,1478.90,1465.66
2019-11-19,1472.38,1470.85,1475.50,1464.30
2019-11-18,1470.85,1467.51,1474.10,1455.97
2019-11-15,1467.37,1471.20,1471.43,1462.05
2019-11-14,1471.20,1463.18,1474.48,1460.76
2019-11-13,1463.19,1457.19,1467.14,1455.90
2019-11-12,1457.19,1455.79,1460.32,1445.43
2019-11-11,1455.90,1458.96,1466.59,1448.14
2019-11-08,1458.66,1468.01,1473.25,1456.05
2019-11-07,1468.07,1490.29,1492.32,1461.00
2019-11-06,1490.46,1484.10,1494.30,1482.21
2019-11-05,1484.10,1509.64,1509.90,1479.35
2019-11-04,1509.63,1513.80,1514.93,1504.46
2019-11-01,1513.95,1513.53,1515.81,1503.30
2019-10-31,1513.36,1496.39,1514.39,1493.64
2019-10-30,1495.40,1487.60,1496.80,1481.02
2019-10-29,1487.60,1492.64,1495.00,1483.71
2019-10-28,1492.69,1504.21,1508.36,1489.65
2019-10-25,1504.73,1504.75,1518.10,1500.55
2019-10-24,1503.65,1492.30,1504.21,1488.02
2019-10-23,1492.10,1488.20,1496.24,1487.49
2019-10-22,1488.05,1484.66,1489.17,1480.84
2019-10-21,1484.50,1492.02,1495.31,1481.75
2019-10-18,1490.10,1492.32,1494.33,1484.80
2019-10-17,1491.89,1490.40,1497.43,1483.35
2019-10-16,1489.77,1481.28,1491.60,1477.05
2019-10-15,1481.17,1493.25,1497.99,1477.46
2019-10-14,1492.90,1488.60,1497.10,1482.60
2019-10-11,1489.85,1494.46,1503.49,1474.30
2019-10-10,1494.30,1505.60,1517.07,1491.40
2019-10-09,1505.70,1506.06,1511.60,1499.70
2019-10-08,1505.51,1493.40,1508.56,1487.49
2019-10-07,1493.60,1504.76,1509.47,1489.94
2019-10-04,1504.60,1505.19,1510.94,1497.01
2019-10-03,1505.00,1499.55,1518.75,1495.85
2019-10-02,1499.51,1479.19,1504.98,1474.25
2019-10-01,1478.98,1472.30,1487.42,1458.90
2019-09-30,1472.25,1497.08,1500.50,1464.24
2019-09-27,1496.94,1506.18,1507.79,1486.98
2019-09-26,1505.80,1503.89,1512.60,1501.74
2019-09-25,1504.15,1531.60,1535.40,1501.41
2019-09-24,1532.30,1522.50,1536.10,1515.95
2019-09-23,1522.12,1516.65,1527.05,1511.35
2019-09-20,1517.15,1499.60,1517.21,1498.00
2019-09-19,1499.20,1493.60,1504.20,1488.80
2019-09-18,1493.90,1501.40,1511.25,1484.41
2019-09-17,1503.10,1499.45,1507.90,1493.90
2019-09-16,1498.80,1503.59,1512.81,1496.20
2019-09-13,1488.70,1498.45,1509.06,1485.51
2019-09-12,1498.95,1497.45,1523.86,1488.65
2019-09-11,1497.60,1486.45,1498.41,1484.90
2019-09-10,1486.40,1499.60,1501.90,1484.80
2019-09-09,1498.95,1507.10,1515.50,1497.60
2019-09-06,1506.95,1519.25,1527.70,1502.75
2019-09-05,1519.35,1552.45,1553.25,1509.28
2019-09-04,1552.60,1547.05,1557.25,1533.68
2019-09-03,1547.00,1529.60,1549.80,1521.40
2019-09-02,1530.59,1520.05,1533.77,1519.05
2019-08-30,1520.25,1527.60,1533.40,1517.51
2019-08-29,1527.70,1539.20,1550.70,1519.40
2019-08-28,1539.10,1541.69,1547.10,1531.50
2019-08-27,1542.64,1526.25,1544.63,1524.75
2019-08-26,1526.35,1539.25,1554.91,1524.55
2019-08-23,1526.85,1499.55,1530.43,1493.45
2019-08-22,1498.80,1502.10,1504.60,1491.70
2019-08-21,1502.30,1507.70,1508.40,1496.10
2019-08-20,1507.10,1495.55,1508.39,1492.75
2019-08-19,1495.30,1511.00,1512.90,1492.40
2019-08-16,1514.15,1524.00,1527.80,1504.20
2019-08-15,1523.20,1516.74,1526.76,1508.25
2019-08-14,1516.34,1501.38,1524.10,1494.25
2019-08-13,1501.39,1510.61,1534.56,1481.31
2019-08-12,1511.40,1497.51,1517.71,1487.68
2019-08-09,1497.24,1501.40,1508.40,1494.62
2019-08-08,1500.95,1501.95,1510.35,1490.74
2019-08-07,1501.20,1474.25,1510.40,1472.36
2019-08-06,1474.27,1464.20,1475.21,1456.65
2019-08-05,1463.80,1440.60,1469.80,1436.90
2019-08-02,1440.70,1445.66,1448.05,1430.08
2019-08-01,1445.31,1411.21,1445.81,1400.56
2019-07-31,1413.80,1430.91,1432.94,1411.35
2019-07-30,1430.85,1426.71,1433.03,1421.91
2019-07-29,1426.94,1419.04,1428.25,1416.86
2019-07-26,1418.69,1414.59,1424.80,1413.77
2019-07-25,1414.53,1426.60,1433.86,1411.17
2019-07-24,1425.90,1417.26,1429.30,1416.20
2019-07-23,1417.39,1425.15,1429.25,1414.20
2019-07-22,1425.12,1425.15,1429.83,1422.35
2019-07-19,1425.30,1446.38,1452.98,1420.29
2019-07-18,1446.30,1426.90,1448.30,1414.66
2019-07-17,1426.80,1406.41,1427.00,1399.95
2019-07-16,1406.33,1414.69,1418.43,1401.18
2019-07-15,1414.08,1415.90,1419.75,1407.76
2019-07-12,1415.74,1403.85,1416.88,1403.06
2019-07-11,1404.00,1419.40,1426.40,1401.60
2019-07-10,1419.00,1397.80,1419.20,1389.75
2019-07-09,1397.90,1395.30,1399.90,1386.21
2019-07-08,1395.50,1399.95,1407.90,1391.75
2019-07-05,1399.95,1415.81,1424.36,1386.92
2019-07-04,1415.64,1419.80,1422.00,1410.59
2019-07-03,1418.94,1419.95,1436.39,1412.48
2019-07-02,1418.44,1383.40,1419.72,1383.40
2019-07-01,1384.31,1392.83,1397.56,1381.76
2019-06-28,1409.50,1409.56,1424.64,1406.81
2019-06-27,1409.68,1409.56,1412.00,1400.25
2019-06-26,1408.75,1423.91,1424.06,1402.38
2019-06-25,1423.25,1419.17,1439.03,1412.30
2019-06-24,1419.55,1401.35,1421.30,1400.48
2019-06-21,1399.05,1388.22,1411.18,1382.40
2019-06-20,1388.18,1360.36,1393.24,1357.80
2019-06-19,1360.27,1346.56,1362.50,1341.15
2019-06-18,1346.48,1340.09,1354.60,1338.65
2019-06-17,1339.54,1341.91,1343.38,1332.70
2019-06-14,1341.58,1341.55,1358.29,1337.83
2019-06-13,1342.35,1334.00,1343.43,1332.27
2019-06-12,1333.55,1326.78,1338.62,1326.18
2019-06-11,1326.91,1328.26,1330.06,1319.60
2019-06-10,1328.13,1335.96,1337.84,1324.90
2019-06-07,1340.70,1335.60,1348.48,1330.08
2019-06-06,1335.55,1332.36,1340.43,1327.80
2019-06-05,1330.18,1325.50,1344.26,1324.60
2019-06-04,1325.28,1325.05,1329.38,1319.98
2019-06-03,1325.17,1307.55,1328.30,1306.70
2019-05-31,1305.65,1288.35,1307.04,1288.09
2019-05-30,1288.85,1279.71,1289.22,1274.79
2019-05-29,1279.60,1279.71,1285.77,1278.87
2019-05-28,1279.49,1285.59,1286.86,1276.07
2019-05-27,1285.20,1285.80,1287.72,1283.80
2019-05-24,1284.89,1283.40,1285.42,1280.45
2019-05-23,1283.45,1273.80,1287.63,1272.58
2019-05-22,1273.62,1274.61,1277.42,1272.15
2019-05-21,1274.97,1277.95,1278.06,1269.22
2019-05-20,1277.74,1277.80,1279.14,1273.47
2019-05-17,1277.55,1286.50,1289.29,1274.91
2019-05-16,1286.65,1296.75,1298.92,1283.95
2019-05-15,1296.66,1297.17,1301.02,1292.70
2019-05-14,1297.03,1300.11,1303.51,1293.33
2019-05-13,1299.90,1286.56,1301.35,1281.60
2019-05-10,1286.00,1284.36,1289.73,1283.21
2019-05-09,1284.14,1280.49,1288.52,1279.41
2019-05-08,1280.93,1284.16,1291.79,1279.35
2019-05-07,1285.15,1281.55,1286.74,1278.50
2019-05-06,1280.33,1281.06,1285.76,1276.60
2019-05-03,1279.19,1270.61,1282.67,1268.81
2019-05-02,1270.54,1276.81,1278.18,1266.10
2019-05-01,1276.61,1283.46,1287.21,1272.99
2019-04-30,1283.60,1279.98,1286.39,1279.54
2019-04-29,1279.80,1286.40,1286.81,1277.78
2019-04-26,1286.25,1277.42,1288.99,1276.05
2019-04-25,1277.35,1275.60,1282.78,1273.50
2019-04-24,1275.36,1272.31,1278.74,1268.55
2019-04-23,1272.40,1275.26,1276.66,1266.15
2019-04-22,1274.92,1275.83,1279.96,1273.45
2019-04-18,1275.39,1273.38,1277.95,1271.02
2019-04-17,1274.14,1276.86,1280.06,1272.93
2019-04-16,1276.57,1287.91,1289.00,1273.10
2019-04-15,1287.88,1290.45,1292.01,1282.21
2019-04-12,1290.40,1292.30,1296.05,1290.11
2019-04-11,1292.60,1307.95,1309.36,1289.45
2019-04-10,1308.05,1303.96,1310.75,1300.89
2019-04-09,1304.13,1297.24,1306.34,1296.55
2019-04-08,1297.41,1291.65,1303.86,1291.35
2019-04-05,1291.70,1292.46,1293.77,1284.46
2019-04-04,1292.38,1289.95,1294.36,1280.84
2019-04-03,1289.90,1292.21,1294.67,1288.20
2019-04-02,1293.15,1287.55,1293.15,1285.16
2019-04-01,1287.66,1291.33,1297.04,1286.50
2019-03-29,1292.15,1290.14,1299.82,1286.60
2019-03-28,1290.55,1309.85,1312.63,1288.70
2019-03-27,1309.87,1315.81,1319.57,1308.07
2019-03-26,1315.51,1321.51,1323.24,1312.51
2019-03-25,1321.90,1313.05,1324.43,1310.80
2019-03-22,1313.38,1309.14,1315.08,1306.81
2019-03-21,1309.45,1312.64,1320.47,1303.25
2019-03-20,1312.48,1305.61,1316.83,1298.50
2019-03-19,1306.55,1303.45,1311.07,1302.45
2019-03-18,1303.70,1301.64,1306.78,1298.12
2019-03-15,1301.38,1295.74,1306.58,1293.66
2019-03-14,1296.28,1309.61,1310.46,1292.75
2019-03-13,1309.28,1302.01,1311.33,1300.56
2019-03-12,1302.01,1293.71,1302.19,1292.06
2019-03-11,1294.25,1298.70,1299.27,1290.15
2019-03-08,1298.39,1285.91,1300.99,1285.29
2019-03-07,1285.74,1286.71,1289.06,1281.16
2019-03-06,1286.76,1287.62,1291.07,1283.45
2019-03-05,1287.43,1286.67,1289.75,1280.95
2019-03-04,1286.66,1293.62,1297.11,1282.75
2019-03-01,1293.56,1312.81,1315.33,1290.16
2019-02-28,1313.05,1320.18,1327.42,1312.54
2019-02-27,1319.88,1328.91,1329.63,1316.51
2019-02-26,1328.96,1327.44,1330.59,1323.61
2019-02-25,1327.12,1328.57,1332.59,1325.03
2019-02-22,1327.80,1323.52,1333.17,1321.16
2019-02-21,1323.49,1338.89,1341.88,1322.24
2019-02-20,1338.49,1341.25,1346.81,1336.63
2019-02-19,1341.16,1325.90,1341.87,1322.33
2019-02-18,1326.90,1321.95,1328.39,1321.11
2019-02-15,1321.41,1312.98,1322.98,1311.16
2019-02-14,1312.55,1306.16,1314.43,1302.63
2019-02-13,1306.19,1310.88,1318.19,1304.50
2019-02-12,1310.89,1308.55,1315.12,1306.64
2019-02-11,1308.33,1314.22,1314.88,1303.58
2019-02-08,1314.07,1310.14,1315.72,1307.23
2019-02-07,1310.09,1305.87,1311.99,1302.17
2019-02-06,1306.22,1315.03,1315.88,1305.38
2019-02-05,1315.01,1311.75,1316.86,1310.30
2019-02-04,1311.75,1317.55,1318.80,1308.26
2019-02-01,1318.00,1320.95,1323.58,1315.66
2019-01-31,1320.94,1320.18,1326.68,1317.55
2019-01-30,1319.91,1312.27,1323.74,1308.81
2019-01-29,1311.93,1303.53,1312.05,1302.12
2019-01-28,1303.53,1303.49,1304.49,1297.26
2019-01-25,1303.22,1280.94,1303.69,1279.39
2019-01-24,1280.94,1282.74,1285.15,1276.97
2019-01-23,1282.39,1285.34,1286.92,1278.38
2019-01-22,1285.04,1279.73,1285.84,1277.25
2019-01-21,1280.28,1281.75,1284.29,1277.06
2019-01-18,1281.49,1292.18,1292.86,1280.64
2019-01-17,1291.90,1293.99,1295.84,1288.96
2019-01-16,1293.52,1289.13,1295.02,1287.59
2019-01-15,1289.31,1291.76,1294.70,1286.37
2019-01-14,1291.73,1287.16,1295.90,1287.16
2019-01-11,1288.00,1286.72,1295.65,1286.25
2019-01-10,1286.38,1293.11,1297.14,1285.81
2019-01-09,1293.13,1285.36,1293.95,1279.63
2019-01-08,1285.35,1289.13,1290.69,1279.20
2019-01-07,1288.67,1285.78,1295.14,1282.29
2019-01-04,1284.92,1294.06,1298.51,1276.49
2019-01-03,1293.99,1285.12,1295.27,1284.16
2019-01-02,1284.77,1281.62,1288.69,1278.33
2019-01-01,1282.62,1283.13,1283.24,1282.62
2018-12-31,1282.82,1280.08,1284.18,1277.09
2018-12-28,1280.75,1275.22,1282.17,1273.98
2018-12-27,1275.22,1266.89,1279.04,1266.09
2018-12-26,1266.98,1270.33,1279.14,1264.34
2018-12-24,1269.13,1259.09,1270.13,1258.34
2018-12-21,1256.01,1260.10,1262.84,1253.37
2018-12-20,1260.14,1243.70,1266.79,1242.89
2018-12-19,1243.39,1249.67,1258.41,1241.54
2018-12-18,1249.38,1246.01,1250.36,1244.44
2018-12-17,1245.91,1237.25,1248.18,1235.47
2018-12-14,1238.21,1242.41,1243.11,1232.48
2018-12-13,1242.46,1246.02,1247.13,1240.23
2018-12-12,1245.80,1243.25,1247.56,1241.95
2018-12-11,1242.94,1244.53,1249.62,1240.55
2018-12-10,1244.59,1250.43,1250.62,1241.21
2018-12-07,1248.10,1238.32,1250.42,1237.49
2018-12-06,1237.99,1237.87,1244.70,1234.64
2018-12-05,1237.56,1238.54,1239.35,1232.96
2018-12-04,1238.55,1231.35,1242.24,1230.41
2018-12-03,1231.08,1223.12,1234.94,1221.09
2018-11-30,1221.97,1223.97,1225.65,1216.24
2018-11-29,1223.99,1221.43,1229.35,1220.49
2018-11-28,1221.11,1214.64,1226.32,1210.73
2018-11-27,1214.69,1222.65,1225.60,1211.74
2018-11-26,1222.37,1224.00,1228.13,1221.14
2018-11-23,1223.19,1227.33,1229.27,1220.53
2018-11-22,1227.45,1226.69,1229.80,1225.30
2018-11-21,1226.02,1221.55,1230.15,1219.23
2018-11-20,1221.55,1224.37,1229.17,1219.67
2018-11-19,1224.05,1221.76,1225.26,1217.52
2018-11-16,1221.47,1213.02,1225.37,1212.48
2018-11-15,1213.00,1210.87,1216.36,1207.56
2018-11-14,1210.91,1202.26,1216.33,1197.12
2018-11-13,1202.35,1200.96,1205.57,1196.29
2018-11-12,1200.65,1209.46,1211.45,1200.18
2018-11-09,1209.60,1223.88,1223.97,1206.52
2018-11-08,1223.54,1225.99,1227.05,1219.63
2018-11-07,1226.11,1227.24,1236.23,1223.31
2018-11-06,1226.80,1231.66,1236.31,1223.41
2018-11-05,1231.30,1233.36,1235.46,1226.88
2018-11-02,1232.89,1234.04,1236.79,1229.85
2018-11-01,1233.24,1215.20,1237.83,1214.84
2018-10-31,1214.54,1223.00,1223.70,1211.92
2018-10-30,1223.44,1230.17,1231.45,1220.22
2018-10-29,1229.74,1234.16,1235.79,1224.45
2018-10-26,1233.59,1232.24,1243.73,1229.80
2018-10-25,1232.23,1234.59,1239.85,1228.08
2018-10-24,1234.22,1231.06,1234.27,1225.74
2018-10-23,1230.49,1222.32,1240.00,1221.72
2018-10-22,1222.17,1228.61,1230.18,1220.30
2018-10-19,1226.32,1225.66,1231.07,1223.03
2018-10-18,1225.75,1222.35,1230.85,1218.78
2018-10-17,1222.68,1224.08,1229.90,1220.32
2018-10-16,1224.43,1227.12,1232.77,1223.35
2018-10-15,1226.93,1217.45,1233.65,1217.40
2018-10-12,1217.93,1224.17,1224.45,1215.61
2018-10-11,1224.33,1195.01,1226.87,1191.30
2018-10-10,1194.78,1189.59,1195.19,1185.22
2018-10-09,1189.62,1189.01,1192.23,1183.49
2018-10-08,1188.01,1203.14,1204.49,1183.58
2018-10-05,1202.86,1199.41,1206.18,1197.00
2018-10-04,1199.66,1197.35,1207.11,1195.76
2018-10-03,1197.37,1203.39,1208.77,1196.71
2018-10-02,1203.10,1189.20,1208.65,1188.57
2018-10-01,1188.47,1192.55,1192.95,1184.95
2018-09-28,1192.09,1183.21,1194.00,1180.74
2018-09-27,1182.80,1194.80,1198.94,1181.98
2018-09-26,1194.46,1201.23,1202.84,1190.53
2018-09-25,1201.31,1198.84,1203.71,1197.21
2018-09-24,1198.86,1198.56,1204.48,1194.23
2018-09-21,1199.55,1207.52,1211.47,1191.97
2018-09-20,1207.58,1204.16,1209.14,1201.47
2018-09-19,1203.99,1197.84,1206.53,1197.81
2018-09-18,1198.35,1202.14,1204.28,1196.21
2018-09-17,1200.93,1193.18,1205.20,1192.97
2018-09-14,1193.71,1201.76,1208.98,1193.13
2018-09-13,1201.44,1207.30,1213.39,1200.37
2018-09-12,1206.19,1198.93,1209.22,1192.90
2018-09-11,1198.29,1195.73,1200.12,1187.95
2018-09-10,1195.88,1195.12,1198.92,1191.52
2018-09-07,1195.86,1200.03,1204.03,1193.28
2018-09-06,1200.14,1197.19,1207.36,1195.59
2018-09-05,1196.75,1191.18,1198.82,1191.10
2018-09-04,1191.35,1201.29,1202.31,1189.55
2018-09-03,1201.15,1200.59,1204.59,1196.11
2018-08-31,1201.09,1200.34,1209.17,1198.43
2018-08-30,1199.88,1206.32,1208.18,1196.32
2018-08-29,1206.66,1201.28,1207.73,1200.90
2018-08-28,1201.26,1211.45,1214.68,1199.41
2018-08-27,1211.35,1206.92,1212.75,1202.84
2018-08-24,1205.97,1185.32,1208.87,1183.32
2018-08-23,1185.31,1195.83,1197.00,1183.67
2018-08-22,1195.51,1196.68,1201.91,1192.45
2018-08-21,1196.12,1190.59,1197.38,1187.50
2018-08-20,1190.53,1183.71,1191.21,1182.63
2018-08-17,1184.77,1173.72,1185.42,1172.03
2018-08-16,1174.16,1175.73,1182.59,1160.56
2018-08-15,1174.88,1194.50,1195.22,1173.33
2018-08-14,1194.03,1194.17,1199.04,1192.14
2018-08-13,1193.64,1211.26,1214.23,1191.75
2018-08-10,1211.30,1212.56,1217.48,1205.85
2018-08-09,1212.35,1213.89,1217.65,1210.72
2018-08-08,1213.61,1210.70,1216.26,1206.29
2018-08-07,1211.02,1207.67,1216.54,1207.67
2018-08-06,1206.94,1214.10,1218.69,1206.93
2018-08-03,1213.43,1208.01,1220.41,1204.40
2018-08-02,1207.96,1215.25,1221.42,1207.20
2018-08-01,1216.05,1224.00,1225.36,1215.76
2018-07-31,1223.83,1221.73,1228.74,1214.82
2018-07-30,1221.80,1223.05,1225.59,1219.05
2018-07-27,1223.38,1222.88,1227.64,1217.34
2018-07-26,1222.67,1231.31,1235.57,1222.17
2018-07-25,1231.61,1224.31,1234.64,1223.10
2018-07-24,1224.55,1225.06,1229.83,1218.25
2018-07-23,1224.54,1231.28,1235.49,1222.08
2018-07-20,1231.76,1223.49,1232.68,1215.84
2018-07-19,1222.80,1227.42,1229.27,1211.48
2018-07-18,1227.18,1227.73,1229.92,1221.56
2018-07-17,1227.51,1240.83,1245.35,1225.97
2018-07-16,1240.82,1241.76,1246.29,1238.49
2018-07-13,1241.52,1247.51,1248.54,1237.10
2018-07-12,1247.14,1242.06,1248.94,1241.38
2018-07-11,1242.16,1255.81,1257.27,1241.29
2018-07-10,1255.65,1257.69,1260.70,1247.23
2018-07-09,1257.76,1255.12,1266.26,1255.12
2018-07-06,1254.99,1257.97,1259.53,1252.93
2018-07-05,1257.76,1256.90,1260.17,1251.08
2018-07-04,1256.95,1252.42,1261.85,1252.16
2018-07-03,1252.93,1242.21,1257.41,1237.81
2018-07-02,1241.97,1253.50,1254.61,1239.59
2018-06-29,1253.00,1247.74,1256.38,1246.51
2018-06-28,1248.28,1251.91,1254.65,1245.71
2018-06-27,1252.02,1258.21,1260.52,1250.70
2018-06-26,1258.99,1265.72,1268.03,1254.51
2018-06-25,1266.00,1272.66,1273.54,1264.80
2018-06-22,1269.28,1267.70,1271.79,1266.90
2018-06-21,1267.20,1268.58,1270.49,1261.22
2018-06-20,1268.10,1274.75,1276.64,1267.80
2018-06-19,1274.76,1278.41,1284.46,1270.39
2018-06-18,1278.31,1279.16,1282.02,1277.08
2018-06-15,1279.84,1302.15,1303.92,1275.85
2018-06-14,1302.22,1299.85,1309.69,1297.34
2018-06-13,1299.71,1295.47,1301.53,1292.55
2018-06-12,1295.97,1300.09,1300.88,1293.00
2018-06-11,1300.14,1299.17,1302.57,1294.13
2018-06-08,1298.75,1297.32,1301.27,1294.20
2018-06-07,1297.12,1296.41,1303.48,1295.08
2018-06-06,1297.00,1297.15,1302.85,1294.63
2018-06-05,1296.13,1292.34,1300.94,1289.79
2018-06-04,1291.98,1293.16,1298.47,1290.27
2018-06-01,1293.14,1298.98,1300.72,1289.52
2018-05-31,1298.32,1301.51,1306.86,1297.90
2018-05-30,1301.48,1299.02,1304.70,1295.75
2018-05-29,1298.86,1298.68,1307.14,1294.30
2018-05-28,1298.11,1298.74,1300.47,1295.62
2018-05-25,1301.61,1304.44,1308.24,1300.05
2018-05-24,1304.88,1294.06,1306.97,1292.91
2018-05-23,1293.75,1291.50,1298.59,1288.61
2018-05-22,1291.32,1292.85,1296.44,1287.80
2018-05-21,1292.68,1290.90,1293.53,1282.15
2018-05-18,1292.50,1291.35,1295.26,1286.81
2018-05-17,1291.00,1291.13,1295.29,1286.41
2018-05-16,1291.03,1290.32,1297.67,1287.01
2018-05-15,1290.64,1313.09,1315.24,1288.71
2018-05-14,1312.82,1318.56,1322.76,1312.82
2018-05-11,1318.22,1321.57,1326.49,1317.94
2018-05-10,1321.39,1312.12,1323.14,1310.89
2018-05-09,1312.78,1314.46,1317.78,1304.48
2018-05-08,1314.47,1313.57,1318.08,1306.20
2018-05-07,1314.30,1315.03,1319.22,1310.29
2018-05-04,1315.05,1312.30,1315.61,1308.41
2018-05-03,1312.09,1305.18,1318.91,1305.02
2018-05-02,1304.85,1304.38,1313.80,1303.94
2018-05-01,1303.97,1315.58,1316.69,1301.88
2018-04-30,1315.36,1322.81,1325.34,1310.51
2018-04-27,1322.80,1317.57,1326.11,1316.26
2018-04-26,1317.28,1322.39,1326.96,1315.45
2018-04-25,1323.33,1330.12,1332.40,1318.90
2018-04-24,1330.68,1324.71,1333.04,1322.60
2018-04-23,1325.00,1335.81,1336.38,1322.81
2018-04-20,1335.12,1346.06,1346.56,1335.07
2018-04-19,1345.60,1349.33,1355.12,1341.23
2018-04-18,1349.32,1347.50,1356.14,1342.10
2018-04-17,1347.29,1345.65,1349.80,1337.73
2018-04-16,1345.91,1344.58,1350.89,1340.17
2018-04-13,1345.46,1335.20,1347.50,1335.20
2018-04-12,1335.48,1352.70,1353.60,1333.96
2018-04-11,1353.29,1339.94,1365.61,1339.68
2018-04-10,1340.05,1336.87,1343.55,1331.81
2018-04-09,1336.24,1333.14,1338.36,1326.98
2018-04-06,1333.20,1326.38,1335.59,1321.47
2018-04-05,1326.55,1333.02,1335.29,1322.80
2018-04-04,1333.35,1332.82,1348.45,1331.59
2018-04-03,1332.83,1340.69,1342.87,1329.18
2018-04-02,1341.35,1326.20,1345.26,1324.90
2018-03-29,1325.00,1325.41,1329.32,1322.21
2018-03-28,1324.99,1345.74,1347.39,1323.59
2018-03-27,1344.71,1353.51,1357.06,1340.16
2018-03-26,1353.46,1347.91,1356.37,1343.55
2018-03-23,1347.22,1329.17,1350.66,1329.17
2018-03-22,1328.95,1332.15,1335.23,1324.88
2018-03-21,1332.17,1311.28,1336.96,1309.98
2018-03-20,1311.21,1317.00,1318.66,1307.31
2018-03-19,1316.94,1313.94,1320.07,1307.89
2018-03-16,1314.00,1317.11,1322.67,1310.31
2018-03-15,1316.26,1324.39,1328.16,1315.05
2018-03-14,1325.00,1326.42,1330.42,1321.91
2018-03-13,1326.39,1322.81,1328.66,1316.79
2018-03-12,1323.05,1323.69,1324.67,1315.39
2018-03-09,1323.70,1322.32,1325.15,1313.05
2018-03-08,1322.35,1325.84,1329.39,1319.19
2018-03-07,1325.54,1334.50,1340.47,1321.95
2018-03-06,1334.46,1320.36,1338.89,1319.91
2018-03-05,1320.01,1323.75,1327.92,1317.26
2018-03-02,1322.20,1316.51,1325.51,1314.93
2018-03-01,1316.55,1318.53,1321.30,1302.99
2018-02-28,1318.05,1318.53,1322.82,1315.80
2018-02-27,1318.20,1333.13,1336.74,1313.32
2018-02-26,1333.16,1327.56,1340.91,1326.42
2018-02-23,1328.94,1331.80,1332.23,1325.58
2018-02-22,1331.51,1323.93,1332.20,1320.69
2018-02-21,1324.26,1329.82,1336.58,1322.60
2018-02-20,1329.49,1346.74,1348.21,1328.22
2018-02-19,1346.69,1347.50,1351.35,1345.99
2018-02-16,1347.86,1353.29,1361.84,1344.78
2018-02-15,1353.30,1350.78,1357.18,1348.41
2018-02-14,1350.76,1329.53,1355.57,1319.42
2018-02-13,1329.55,1322.29,1330.96,1321.39
2018-02-12,1322.88,1315.04,1326.20,1314.11
2018-02-09,1316.69,1318.87,1322.71,1311.06
2018-02-08,1318.97,1318.61,1322.17,1306.90
2018-02-07,1318.49,1325.16,1332.49,1312.05
2018-02-06,1325.02,1339.68,1346.08,1320.04
2018-02-05,1339.60,1332.32,1341.70,1328.88
2018-02-02,1332.98,1349.16,1350.12,1327.21
2018-02-01,1349.19,1345.40,1351.42,1337.30
2018-01-31,1345.10,1338.87,1347.93,1332.70
2018-01-30,1338.55,1340.67,1349.12,1334.48
2018-01-29,1340.35,1350.07,1352.65,1337.74
2018-01-26,1350.14,1348.36,1357.39,1344.38
2018-01-25,1348.05,1358.48,1366.47,1343.10
2018-01-24,1358.15,1341.45,1361.88,1339.27
2018-01-23,1341.39,1334.45,1342.22,1331.54
2018-01-22,1334.11,1334.88,1336.04,1328.71
2018-01-19,1331.80,1327.49,1338.37,1326.46
2018-01-18,1327.19,1327.75,1333.14,1323.79
2018-01-17,1327.73,1338.29,1343.99,1326.73
2018-01-16,1338.61,1340.06,1342.35,1331.73
2018-01-15,1340.16,1337.05,1344.93,1336.14
2018-01-12,1338.40,1322.82,1339.40,1321.16
2018-01-11,1322.42,1316.89,1323.98,1315.49
2018-01-10,1317.19,1313.28,1326.94,1308.29
2018-01-09,1312.66,1320.63,1320.68,1308.80
2018-01-08,1320.58,1320.04,1322.22,1314.97
2018-01-05,1320.21,1323.50,1323.83,1313.81
2018-01-04,1322.97,1312.53,1325.92,1305.67
2018-01-03,1312.84,1318.16,1321.40,1307.16
2018-01-02,1318.14,1302.55,1318.98,1302.51
2018-01-01,1306.86,1303.43,1307.72,1302.43
2017-12-29,1302.55,1294.85,1307.69,1293.59
2017-12-28,1294.84,1287.31,1295.30,1286.66
2017-12-27,1287.41,1283.64,1289.40,1281.46
2017-12-26,1283.29,1274.91,1283.77,1273.25
2017-12-25,1275.24,1275.24,1275.24,1275.24
2017-12-22,1275.01,1267.12,1276.38,1265.10
2017-12-21,1266.76,1265.62,1268.97,1263.02
2017-12-20,1265.62,1261.69,1267.84,1261.23
2017-12-19,1261.72,1261.70,1265.26,1258.97
2017-12-18,1261.69,1253.79,1264.37,1252.68
2017-12-15,1255.26,1252.83,1261.89,1251.94
2017-12-14,1252.85,1255.54,1259.18,1249.92
2017-12-13,1255.45,1243.88,1256.95,1240.06
2017-12-12,1243.85,1242.25,1246.62,1236.31
2017-12-11,1241.96,1247.28,1251.67,1240.19
2017-12-08,1248.14,1247.34,1252.66,1244.34
2017-12-07,1246.70,1264.26,1264.82,1244.11
2017-12-06,1263.94,1266.62,1269.32,1262.39
2017-12-05,1266.55,1276.54,1277.41,1261.11
2017-12-04,1276.23,1272.93,1277.24,1271.80
2017-12-01,1280.26,1274.29,1289.58,1271.58
2017-11-30,1274.76,1283.88,1285.70,1270.51
2017-11-29,1283.57,1293.90,1296.75,1281.98
2017-11-28,1294.01,1294.85,1297.74,1291.01
2017-11-27,1294.50,1288.57,1299.20,1286.47
2017-11-24,1288.22,1291.51,1293.61,1286.15
2017-11-23,1291.25,1292.40,1293.46,1287.46
2017-11-22,1292.12,1280.38,1294.75,1278.77
2017-11-21,1280.48,1276.70,1284.87,1276.08
2017-11-20,1276.70,1292.68,1294.80,1274.92
2017-11-17,1294.37,1278.44,1297.04,1277.94
2017-11-16,1278.47,1278.47,1281.60,1274.98
2017-11-15,1278.80,1281.00,1289.47,1277.04
2017-11-14,1280.71,1278.17,1283.68,1270.64
2017-11-13,1277.99,1275.16,1280.22,1274.29
2017-11-10,1276.14,1285.21,1287.16,1273.33
2017-11-09,1285.30,1281.62,1288.72,1280.09
2017-11-08,1281.30,1275.85,1287.52,1275.23
2017-11-07,1275.53,1281.82,1281.97,1271.68
2017-11-06,1281.55,1269.49,1283.01,1266.05
2017-11-03,1269.85,1276.80,1279.74,1265.55
2017-11-02,1275.99,1274.91,1284.49,1273.64
2017-11-01,1274.39,1270.88,1281.25,1267.98
2017-10-31,1271.58,1276.29,1278.36,1268.01
2017-10-30,1276.24,1273.59,1279.29,1268.80
2017-10-27,1273.35,1268.07,1274.80,1264.10
2017-10-26,1267.11,1277.56,1282.80,1265.69
2017-10-25,1277.41,1276.85,1280.39,1271.03
2017-10-24,1276.72,1282.01,1284.06,1273.43
2017-10-23,1282.07,1277.45,1283.66,1272.24
2017-10-20,1280.72,1289.57,1291.47,1277.88
2017-10-19,1289.79,1281.25,1290.69,1276.61
2017-10-18,1281.17,1285.18,1289.08,1277.13
2017-10-17,1285.19,1295.32,1296.66,1281.69
2017-10-16,1294.74,1303.88,1306.80,1291.01
2017-10-13,1304.88,1293.73,1304.88,1291.04
2017-10-12,1293.60,1292.01,1297.60,1289.47
2017-10-11,1291.80,1287.91,1293.56,1284.12
2017-10-10,1287.85,1284.35,1294.63,1282.29
2017-10-09,1284.10,1275.45,1285.50,1275.21
2017-10-06,1276.03,1269.09,1277.18,1260.89
2017-10-05,1268.05,1275.16,1279.42,1266.90
2017-10-04,1274.69,1271.64,1282.42,1270.85
2017-10-03,1271.75,1270.71,1274.71,1267.91
2017-10-02,1271.12,1279.50,1279.61,1270.45
2017-09-29,1279.45,1286.91,1290.47,1278.24
2017-09-28,1287.30,1281.11,1289.00,1277.64
2017-09-27,1281.12,1293.61,1296.54,1281.12
2017-09-26,1293.89,1309.90,1313.92,1293.04
2017-09-25,1310.55,1297.67,1311.90,1290.63
2017-09-22,1297.38,1291.30,1299.14,1291.30
2017-09-21,1291.39,1301.02,1302.07,1287.99
2017-09-20,1301.15,1310.94,1316.25,1295.96
2017-09-19,1311.28,1307.30,1311.78,1304.98
2017-09-18,1307.57,1320.50,1320.50,1305.03
2017-09-15,1319.62,1329.83,1334.76,1319.62
2017-09-14,1329.83,1323.56,1330.69,1316.11
2017-09-13,1323.25,1331.95,1335.05,1320.91
2017-09-12,1331.94,1327.86,1332.43,1322.55
2017-09-11,1327.32,1337.45,1340.36,1326.36
2017-09-08,1346.71,1348.83,1357.94,1343.00
2017-09-07,1349.20,1334.27,1350.27,1332.60
2017-09-06,1334.14,1339.55,1342.84,1331.66
2017-09-05,1339.33,1335.07,1345.18,1327.96
2017-09-04,1334.67,1334.38,1339.85,1331.92
2017-09-01,1324.97,1321.80,1329.20,1316.65
2017-08-31,1322.07,1308.80,1324.11,1300.82
2017-08-30,1308.76,1309.26,1313.87,1305.26
2017-08-29,1309.50,1317.75,1326.14,1304.93
2017-08-28,1310.49,1292.76,1312.99,1292.49
2017-08-25,1291.15,1285.91,1294.14,1278.66
2017-08-24,1286.33,1289.98,1291.30,1284.55
2017-08-23,1290.62,1285.56,1292.03,1283.09
2017-08-22,1284.72,1291.18,1292.69,1282.11
2017-08-21,1291.22,1283.60,1293.58,1280.60
2017-08-18,1284.50,1288.20,1301.20,1283.64
2017-08-17,1288.01,1283.61,1290.47,1282.20
2017-08-16,1283.10,1271.87,1284.29,1268.19
2017-08-15,1272.13,1282.36,1282.77,1267.98
2017-08-14,1281.95,1289.09,1289.82,1278.12
2017-08-11,1289.21,1286.45,1292.26,1281.55
2017-08-10,1286.90,1277.56,1288.63,1274.85
2017-08-09,1277.55,1261.41,1279.06,1260.96
2017-08-08,1260.64,1257.61,1265.70,1251.41
2017-08-07,1257.69,1259.03,1260.38,1255.68
2017-08-04,1258.60,1269.01,1270.94,1254.75
2017-08-03,1268.65,1266.46,1271.37,1258.70
2017-08-02,1266.70,1268.80,1273.34,1263.18
2017-08-01,1269.05,1268.80,1274.47,1264.05
2017-07-31,1269.55,1270.16,1271.48,1265.93
2017-07-28,1269.25,1259.36,1271.34,1257.45
2017-07-27,1259.00,1260.50,1265.49,1254.52
2017-07-26,1261.10,1250.00,1263.92,1243.91
2017-07-25,1249.05,1254.77,1258.18,1249.01
2017-07-24,1255.24,1255.66,1259.18,1251.78
2017-07-21,1254.90,1244.16,1256.30,1243.35
2017-07-20,1244.74,1241.03,1247.98,1235.24
2017-07-19,1240.87,1242.58,1244.48,1236.05
2017-07-18,1242.46,1233.84,1245.06,1233.01
2017-07-17,1234.40,1228.60,1236.44,1228.30
2017-07-14,1228.98,1216.63,1233.16,1214.95
2017-07-13,1217.45,1220.21,1224.92,1216.63
2017-07-12,1220.00,1217.95,1226.10,1214.51
2017-07-11,1217.69,1214.59,1217.79,1207.89
2017-07-10,1214.35,1213.70,1215.60,1204.85
2017-07-07,1212.90,1224.39,1227.20,1207.25
2017-07-06,1225.15,1227.06,1229.57,1222.56
2017-07-05,1226.95,1223.55,1229.34,1217.64
2017-07-04,1223.97,1221.94,1226.74,1220.69
2017-07-03,1220.46,1241.46,1242.83,1218.41
2017-06-30,1241.60,1244.82,1248.59,1239.70
2017-06-29,1245.74,1249.18,1253.71,1239.66
2017-06-28,1249.32,1247.37,1255.11,1247.37
2017-06-27,1247.10,1243.65,1253.13,1241.12
2017-06-26,1244.45,1258.13,1258.54,1236.96
2017-06-23,1256.90,1250.00,1259.31,1249.74
2017-06-22,1250.62,1245.55,1255.05,1245.55
2017-06-21,1246.55,1243.16,1248.31,1241.25
2017-06-20,1243.19,1244.04,1248.38,1241.38
2017-06-19,1243.25,1254.00,1256.12,1243.22
2017-06-16,1253.63,1254.36,1257.63,1251.55
2017-06-15,1254.00,1260.70,1267.04,1251.68
2017-06-14,1261.18,1266.28,1279.87,1257.15
2017-06-13,1265.85,1264.75,1269.42,1259.66
2017-06-12,1265.74,1267.42,1271.01,1263.95
2017-06-09,1266.40,1279.29,1281.30,1264.74
2017-06-08,1278.90,1287.45,1289.34,1271.49
2017-06-07,1286.91,1294.39,1295.28,1283.00
2017-06-06,1294.00,1280.26,1296.47,1279.44
2017-06-05,1279.95,1279.34,1283.77,1278.00
2017-06-02,1279.98,1266.11,1279.98,1259.00
2017-06-01,1265.64,1268.89,1270.72,1261.49
2017-05-31,1268.59,1263.05,1274.24,1259.26
2017-05-30,1263.10,1267.24,1270.86,1259.39
2017-05-29,1266.97,1267.47,1269.12,1265.12
2017-05-26,1267.05,1255.60,1269.88,1252.88
2017-05-25,1255.76,1258.49,1260.08,1253.89
2017-05-24,1258.55,1251.26,1259.37,1247.70
2017-05-23,1251.16,1260.13,1264.18,1250.46
2017-05-22,1260.46,1256.10,1263.00,1251.61
2017-05-19,1255.55,1246.67,1256.98,1246.61
2017-05-18,1247.05,1261.56,1265.54,1245.90
2017-05-17,1260.74,1237.31,1261.55,1236.30
2017-05-16,1236.80,1231.46,1239.50,1230.51
2017-05-15,1230.71,1228.40,1237.76,1227.20
2017-05-12,1228.83,1225.41,1232.26,1224.55
2017-05-11,1224.85,1218.74,1228.20,1217.81
2017-05-10,1219.15,1221.42,1226.15,1217.49
2017-05-09,1221.30,1226.12,1229.01,1214.21
2017-05-08,1226.30,1225.67,1237.10,1225.36
2017-05-05,1227.74,1227.93,1235.79,1225.83
2017-05-04,1227.75,1238.66,1241.77,1225.70
2017-05-03,1238.38,1256.71,1257.29,1236.41
2017-05-02,1256.90,1256.51,1257.89,1251.48
2017-05-01,1256.80,1268.60,1271.60,1254.16
2017-04-28,1268.15,1264.26,1269.08,1263.30
2017-04-27,1264.60,1268.80,1270.53,1261.61
2017-04-26,1269.05,1264.41,1271.10,1260.30
2017-04-25,1263.76,1276.96,1278.57,1261.81
2017-04-24,1275.30,1269.88,1277.48,1266.01
2017-04-21,1284.50,1281.96,1288.67,1278.43
2017-04-20,1281.85,1280.06,1283.79,1276.74
2017-04-19,1279.66,1290.21,1291.51,1276.48
2017-04-18,1289.64,1284.94,1292.70,1279.40
2017-04-17,1284.80,1292.96,1295.92,1281.61
2017-04-14,1285.69,1287.35,1288.75,1285.31
2017-04-13,1287.74,1285.54,1289.03,1281.74
2017-04-12,1286.60,1274.51,1287.29,1272.42
2017-04-11,1274.44,1255.23,1275.55,1253.29
2017-04-10,1254.73,1254.26,1257.70,1247.50
2017-04-07,1254.05,1252.11,1270.96,1250.80
2017-04-06,1251.80,1256.40,1259.46,1249.85
2017-04-05,1255.30,1255.73,1257.78,1243.85
2017-04-04,1256.22,1255.46,1261.90,1254.46
2017-04-03,1253.35,1248.40,1254.20,1244.55
2017-03-31,1249.13,1242.83,1251.11,1240.05
2017-03-30,1243.30,1253.10,1254.20,1242.61
2017-03-29,1252.45,1251.64,1255.16,1247.25
2017-03-28,1251.63,1253.82,1258.46,1247.52
2017-03-27,1254.30,1248.01,1261.53,1247.69
2017-03-24,1244.17,1244.88,1252.28,1240.72
2017-03-23,1245.30,1248.86,1253.62,1242.84
2017-03-22,1249.35,1244.15,1251.76,1243.89
2017-03-21,1245.00,1233.78,1248.10,1226.82
2017-03-20,1233.90,1229.79,1236.25,1229.51
2017-03-17,1229.15,1227.31,1232.45,1225.06
2017-03-16,1226.78,1219.03,1233.51,1217.83
2017-03-15,1219.40,1199.11,1222.66,1197.93
2017-03-14,1199.08,1204.25,1208.38,1197.54
2017-03-13,1204.05,1205.43,1211.66,1202.47
2017-03-10,1204.55,1200.80,1206.43,1194.62
2017-03-09,1200.83,1207.63,1209.17,1199.12
2017-03-08,1207.58,1215.65,1218.68,1206.13
2017-03-07,1215.67,1225.62,1227.25,1213.67
2017-03-06,1225.96,1232.81,1237.17,1224.65
2017-03-03,1234.30,1234.80,1236.28,1222.59
2017-03-02,1235.30,1249.44,1250.36,1231.16
2017-03-01,1248.94,1248.57,1250.68,1236.53
2017-02-28,1248.59,1252.48,1258.37,1247.48
2017-02-27,1252.76,1257.41,1263.88,1250.48
2017-02-24,1256.94,1249.52,1260.48,1247.54
2017-02-23,1249.41,1237.79,1251.21,1235.20
2017-02-22,1237.69,1236.22,1240.72,1231.62
2017-02-21,1235.97,1237.03,1238.92,1225.80
2017-02-20,1238.38,1235.20,1239.29,1232.62
2017-02-17,1235.29,1239.25,1243.84,1234.52
2017-02-16,1239.14,1233.34,1242.71,1232.04
2017-02-15,1232.94,1228.89,1233.61,1216.80
2017-02-14,1228.61,1225.74,1234.87,1221.75
2017-02-13,1225.44,1231.84,1232.65,1219.37
2017-02-10,1234.12,1230.62,1237.07,1221.12
2017-02-09,1230.89,1242.48,1244.52,1230.22
2017-02-08,1241.99,1234.04,1245.06,1230.29
2017-02-07,1233.72,1235.23,1235.86,1227.41
2017-02-06,1235.59,1219.67,1235.84,1219.01
2017-02-03,1219.88,1215.89,1221.48,1207.18
2017-02-02,1215.93,1209.53,1225.41,1208.26
2017-02-01,1209.49,1210.89,1213.59,1198.12
2017-01-31,1210.63,1195.38,1215.49,1193.83
2017-01-30,1195.35,1192.85,1199.88,1188.15
2017-01-27,1191.60,1188.78,1192.06,1181.04
2017-01-26,1188.57,1199.93,1202.67,1184.11
2017-01-25,1200.31,1208.79,1209.84,1192.83
2017-01-24,1208.81,1217.40,1219.66,1206.02
2017-01-23,1217.48,1209.43,1219.54,1209.27
2017-01-20,1209.96,1205.16,1215.30,1198.68
2017-01-19,1205.14,1203.92,1206.88,1195.86
2017-01-18,1203.64,1216.56,1217.60,1201.91
2017-01-17,1216.54,1202.80,1218.72,1202.38
2017-01-16,1203.17,1200.55,1208.23,1198.17
2017-01-13,1197.66,1195.96,1201.20,1187.93
2017-01-12,1195.66,1191.75,1207.07,1191.00
2017-01-11,1191.85,1187.74,1198.79,1177.33
2017-01-10,1187.74,1181.32,1190.57,1179.86
2017-01-09,1181.27,1172.64,1185.91,1171.89
2017-01-06,1172.81,1180.38,1181.49,1170.37
2017-01-05,1180.48,1163.67,1184.99,1162.38
2017-01-04,1163.80,1159.28,1168.23,1156.35
2017-01-03,1158.91,1150.80,1163.61,1145.77
2017-01-02,1150.52,1150.55,1152.66,1149.66
2016-12-30,1151.85,1158.68,1163.53,1149.49
2016-12-29,1158.32,1142.39,1159.58,1140.81
2016-12-28,1142.45,1139.64,1144.84,1136.54
2016-12-27,1139.35,1134.06,1149.48,1131.85
2016-12-26,1133.94,1133.94,1133.94,1133.94
2016-12-23,1133.49,1128.89,1136.12,1128.18
2016-12-22,1128.69,1131.80,1134.17,1127.43
2016-12-21,1131.80,1132.14,1137.50,1129.29
2016-12-20,1132.20,1139.34,1140.08,1125.63
2016-12-19,1139.05,1134.35,1142.70,1134.14
2016-12-16,1134.09,1128.44,1141.28,1126.46
2016-12-15,1128.43,1143.81,1144.50,1122.44
2016-12-14,1144.25,1158.39,1165.10,1139.47
2016-12-13,1158.35,1162.45,1165.16,1154.71
2016-12-12,1162.21,1159.01,1165.85,1151.43
2016-12-09,1157.87,1170.48,1172.22,1156.17
2016-12-08,1170.55,1173.65,1178.62,1168.88
2016-12-07,1174.00,1169.64,1180.30,1165.35
2016-12-06,1169.74,1170.18,1175.40,1166.53
2016-12-05,1170.26,1182.80,1187.79,1157.08
2016-12-02,1176.92,1171.05,1178.03,1166.20
2016-12-01,1171.30,1173.29,1177.07,1160.77
2016-11-30,1173.11,1188.72,1195.36,1170.75
2016-11-29,1188.46,1193.30,1195.06,1180.97
2016-11-28,1193.44,1183.10,1197.60,1182.96
2016-11-25,1183.63,1184.96,1193.96,1171.96
2016-11-24,1184.00,1188.11,1191.34,1181.79
2016-11-23,1187.77,1212.24,1215.05,1181.57
2016-11-22,1212.24,1214.29,1221.45,1206.24
2016-11-21,1214.05,1208.10,1218.02,1205.74
2016-11-18,1208.69,1216.39,1218.13,1203.90
2016-11-17,1216.39,1225.68,1231.80,1211.12
2016-11-16,1225.30,1228.38,1233.47,1221.60
2016-11-15,1228.08,1220.24,1231.54,1219.06
2016-11-14,1220.26,1227.91,1231.56,1211.47
2016-11-11,1225.68,1259.82,1265.50,1219.50
2016-11-10,1259.76,1277.68,1292.22,1252.28
2016-11-09,1278.00,1275.45,1337.60,1269.38
2016-11-08,1275.64,1281.66,1290.84,1273.04
2016-11-07,1281.41,1291.61,1295.90,1277.80
2016-11-04,1304.25,1302.61,1307.11,1294.65
2016-11-03,1303.75,1297.16,1306.90,1285.51
2016-11-02,1297.39,1287.90,1308.26,1287.50
2016-11-01,1288.15,1277.17,1292.21,1275.55
2016-10-31,1277.38,1278.01,1279.64,1270.89
2016-10-28,1276.30,1268.39,1284.53,1262.42
2016-10-27,1268.30,1267.15,1273.17,1265.40
2016-10-26,1266.99,1273.30,1276.89,1264.58
2016-10-25,1274.35,1265.67,1277.17,1262.40
2016-10-24,1264.44,1266.21,1272.25,1260.75
2016-10-21,1266.75,1266.10,1268.43,1261.20
2016-10-20,1266.00,1269.55,1274.02,1264.55
2016-10-19,1269.40,1262.63,1273.84,1260.24
2016-10-18,1262.84,1256.60,1265.38,1254.90
2016-10-17,1255.70,1250.25,1257.67,1250.25
2016-10-14,1250.55,1258.79,1259.65,1247.51
2016-10-13,1258.12,1256.14,1262.41,1253.53
2016-10-12,1255.33,1253.45,1259.26,1250.31
2016-10-11,1253.25,1259.06,1262.66,1252.60
2016-10-10,1259.74,1257.47,1265.35,1256.59
2016-10-07,1256.97,1255.34,1265.74,1241.68
2016-10-06,1254.74,1267.73,1269.94,1250.20
2016-10-05,1266.70,1269.41,1277.51,1262.12
2016-10-04,1268.30,1312.18,1313.52,1266.81
2016-10-03,1311.96,1318.24,1320.11,1309.58
2016-09-30,1315.96,1320.56,1328.23,1312.83
2016-09-29,1320.27,1322.08,1326.02,1315.89
2016-09-28,1321.41,1326.90,1327.74,1317.89
2016-09-27,1327.36,1337.77,1339.78,1324.81
2016-09-26,1337.97,1337.07,1342.46,1332.56
2016-09-23,1337.61,1337.69,1341.06,1333.59
2016-09-22,1337.30,1335.12,1344.27,1331.56
2016-09-21,1336.85,1315.10,1337.22,1308.60
2016-09-20,1315.10,1312.80,1318.50,1312.31
2016-09-19,1313.39,1310.77,1318.32,1309.27
2016-09-16,1310.43,1313.91,1318.43,1306.62
2016-09-15,1314.25,1322.72,1327.53,1309.70
2016-09-14,1322.97,1318.88,1326.26,1316.13
2016-09-13,1319.05,1327.99,1332.64,1315.72
2016-09-12,1327.63,1328.29,1330.68,1320.79
2016-09-09,1328.15,1338.41,1340.03,1327.70
2016-09-08,1338.35,1345.11,1349.78,1335.54
2016-09-07,1345.24,1348.67,1353.01,1342.74
2016-09-06,1349.88,1325.37,1352.16,1324.77
2016-09-05,1327.08,1324.42,1329.32,1322.31
2016-09-02,1325.01,1314.13,1329.09,1309.51
2016-09-01,1313.79,1309.12,1315.38,1302.23
2016-08-31,1308.95,1311.25,1316.54,1305.41
2016-08-30,1311.15,1323.20,1325.70,1309.15
2016-08-29,1323.41,1320.47,1325.43,1315.10
2016-08-26,1321.33,1321.89,1341.54,1318.89
2016-08-25,1321.70,1323.75,1327.50,1317.96
2016-08-24,1323.75,1337.88,1340.52,1323.70
2016-08-23,1338.10,1339.34,1345.45,1335.65
2016-08-22,1339.02,1340.83,1341.65,1332.10
2016-08-19,1341.78,1352.91,1353.44,1337.93
2016-08-18,1352.34,1349.05,1356.60,1345.84
2016-08-17,1348.66,1345.70,1352.07,1337.70
2016-08-16,1346.08,1339.69,1358.38,1339.47
2016-08-15,1339.36,1338.08,1344.21,1335.95
2016-08-12,1336.19,1338.70,1356.28,1333.98
2016-08-11,1338.87,1347.26,1353.78,1335.93
2016-08-10,1346.67,1340.95,1357.57,1340.30
2016-08-09,1340.75,1334.85,1343.24,1330.47
2016-08-08,1335.38,1335.18,1338.53,1329.84
2016-08-05,1335.80,1360.72,1365.51,1334.87
2016-08-04,1361.20,1358.41,1365.45,1348.90
2016-08-03,1357.90,1363.65,1366.85,1354.16
2016-08-02,1363.68,1353.47,1367.81,1347.06
2016-08-01,1353.21,1349.88,1355.22,1346.24
2016-07-29,1350.91,1335.75,1355.42,1330.00
2016-07-28,1335.79,1339.38,1345.53,1332.23
2016-07-27,1339.86,1320.04,1342.62,1315.74
2016-07-26,1320.32,1315.59,1325.08,1313.83
2016-07-25,1315.56,1322.59,1324.12,1312.43
2016-07-22,1322.38,1330.94,1334.22,1319.58
2016-07-21,1331.09,1316.31,1334.38,1310.95
2016-07-20,1315.95,1331.81,1336.34,1312.49
2016-07-19,1332.13,1328.51,1335.29,1325.61
2016-07-18,1328.79,1332.81,1335.70,1323.84
2016-07-15,1337.85,1336.31,1338.90,1322.55
2016-07-14,1335.10,1344.01,1347.10,1320.22
2016-07-13,1342.85,1332.40,1345.60,1327.70
2016-07-12,1331.65,1355.16,1358.20,1330.15
2016-07-11,1355.25,1368.71,1375.11,1351.20
2016-07-08,1366.80,1359.21,1369.09,1336.08
2016-07-07,1360.60,1363.56,1370.26,1350.80
2016-07-06,1363.89,1356.74,1375.30,1356.23
2016-07-05,1356.14,1351.15,1357.71,1338.43
2016-07-04,1350.78,1342.58,1357.97,1338.34
2016-07-01,1342.30,1323.38,1344.60,1320.88
2016-06-30,1322.18,1317.71,1324.11,1312.95
2016-06-29,1318.89,1312.39,1328.23,1311.29
2016-06-28,1312.51,1324.45,1326.39,1305.62
2016-06-27,1324.80,1326.26,1335.70,1317.85
2016-06-24,1315.98,1253.86,1358.70,1251.66
2016-06-23,1255.65,1264.31,1271.65,1255.46
2016-06-22,1266.31,1268.45,1271.00,1261.41
2016-06-21,1268.44,1288.68,1294.38,1264.48
2016-06-20,1290.15,1285.80,1292.36,1277.74
2016-06-17,1298.60,1279.35,1299.88,1277.19
2016-06-16,1279.14,1293.51,1316.11,1278.77
2016-06-15,1291.49,1285.14,1297.09,1278.43
2016-06-14,1285.85,1283.39,1290.18,1276.38
2016-06-13,1284.05,1274.05,1287.40,1272.70
2016-06-10,1274.20,1269.41,1278.10,1264.47
2016-06-09,1269.15,1262.55,1272.06,1257.56
2016-06-08,1262.14,1244.64,1264.19,1243.09
2016-06-07,1243.85,1245.56,1246.66,1234.90
2016-06-06,1245.24,1242.79,1248.79,1239.93
2016-06-03,1244.49,1211.16,1244.91,1207.01
2016-06-02,1210.95,1213.62,1218.05,1209.99
2016-06-01,1213.35,1216.40,1221.25,1206.50
2016-05-31,1215.24,1206.45,1218.86,1206.20
2016-05-30,1205.58,1213.38,1213.83,1199.97
2016-05-27,1212.40,1219.86,1223.70,1206.70
2016-05-26,1220.15,1223.40,1234.01,1218.55
2016-05-25,1224.18,1227.00,1230.21,1217.65
2016-05-24,1227.00,1249.21,1251.26,1226.53
2016-05-23,1249.24,1251.41,1256.36,1243.39
2016-05-20,1252.30,1255.24,1259.98,1248.70
2016-05-19,1255.10,1258.60,1261.92,1245.00
2016-05-18,1258.30,1279.71,1281.51,1255.05
2016-05-17,1280.00,1274.06,1282.50,1269.50
2016-05-16,1273.86,1272.51,1288.60,1271.33
2016-05-13,1273.60,1263.61,1276.60,1263.51
2016-05-12,1263.49,1277.80,1280.99,1263.49
2016-05-11,1277.69,1265.73,1279.18,1264.79
2016-05-10,1266.40,1264.11,1269.50,1257.65
2016-05-09,1263.85,1284.93,1287.98,1261.09
2016-05-06,1288.70,1278.50,1296.10,1274.40
2016-05-05,1278.05,1279.85,1286.38,1269.24
2016-05-04,1279.49,1285.99,1289.68,1271.64
2016-05-03,1286.00,1291.76,1302.40,1282.46
2016-05-02,1291.60,1293.69,1303.98,1287.48
2016-04-29,1293.74,1266.27,1296.49,1265.14
2016-04-28,1266.48,1245.66,1270.10,1238.05
2016-04-27,1246.10,1242.60,1251.30,1240.66
2016-04-26,1243.44,1238.57,1245.15,1231.95
2016-04-25,1237.90,1232.10,1242.30,1230.10
2016-04-22,1232.30,1247.44,1252.98,1227.35
2016-04-21,1248.85,1243.49,1270.48,1242.88
2016-04-20,1244.05,1251.00,1258.75,1242.60
2016-04-19,1250.50,1232.46,1257.20,1227.70
2016-04-18,1231.55,1234.10,1242.00,1230.16
2016-04-15,1234.05,1227.55,1236.29,1225.29
2016-04-14,1227.39,1242.05,1244.38,1223.79
2016-04-13,1243.14,1255.88,1257.18,1240.24
2016-04-12,1255.94,1259.05,1262.98,1251.29
2016-04-11,1257.95,1239.79,1259.10,1239.79
2016-04-08,1240.39,1240.18,1243.18,1229.62
2016-04-07,1240.69,1223.16,1243.90,1222.70
2016-04-06,1222.35,1231.86,1232.41,1217.20
2016-04-05,1231.14,1215.31,1237.05,1214.90
2016-04-04,1215.40,1220.35,1223.35,1214.70
2016-04-01,1222.49,1232.68,1235.36,1208.84
2016-03-31,1232.70,1226.06,1240.05,1224.81
2016-03-30,1224.85,1241.30,1243.30,1223.33
2016-03-29,1242.55,1221.40,1243.65,1215.65
2016-03-28,1221.05,1214.51,1222.96,1208.55
2016-03-25,1216.47,1216.47,1216.47,1216.47
2016-03-24,1216.99,1221.20,1224.40,1213.01
2016-03-23,1220.17,1248.18,1249.47,1215.47
2016-03-22,1248.38,1244.22,1259.97,1242.47
2016-03-21,1243.74,1254.70,1256.12,1240.76
2016-03-18,1255.30,1258.16,1267.22,1248.30
2016-03-17,1257.90,1261.70,1271.65,1254.65
2016-03-16,1263.08,1232.84,1264.38,1227.24
2016-03-15,1232.38,1234.68,1237.58,1226.08
2016-03-14,1235.28,1250.98,1261.09,1229.28
2016-03-11,1248.44,1271.44,1282.89,1248.44
2016-03-10,1271.44,1252.89,1273.79,1237.44
2016-03-09,1252.94,1261.30,1264.99,1243.87
2016-03-08,1261.10,1267.49,1278.19,1260.04
2016-03-07,1267.39,1259.48,1273.29,1256.68
2016-03-04,1259.44,1263.89,1279.98,1250.29
2016-03-03,1263.69,1240.30,1267.44,1237.34
2016-03-02,1240.30,1232.35,1244.29,1224.48
2016-03-01,1232.26,1238.19,1249.00,1227.44
2016-02-29,1238.14,1222.73,1241.29,1217.98
2016-02-26,1222.60,1234.44,1240.05,1211.59
2016-02-25,1234.64,1229.44,1243.09,1221.18
2016-02-24,1229.35,1227.39,1253.30,1221.93
2016-02-23,1227.46,1208.76,1227.56,1207.20
2016-02-22,1208.74,1226.14,1226.35,1202.02
2016-02-19,1228.19,1233.12,1234.79,1219.79
2016-02-18,1232.35,1209.16,1239.90,1200.75
2016-02-17,1209.14,1200.19,1213.88,1195.79
2016-02-16,1200.35,1209.32,1217.18,1190.79
2016-02-15,1209.95,1232.81,1234.82,1202.30
2016-02-12,1238.05,1246.94,1249.05,1232.23
2016-02-11,1246.89,1197.44,1260.98,1196.21
2016-02-10,1197.49,1188.95,1197.74,1181.29
2016-02-09,1188.85,1191.14,1199.29,1185.48
2016-02-08,1191.14,1170.89,1200.98,1164.09
2016-02-05,1173.69,1155.74,1174.90,1145.36
2016-02-04,1155.74,1142.95,1157.59,1139.43
2016-02-03,1142.93,1129.16,1146.00,1124.35
2016-02-02,1129.12,1128.82,1130.70,1122.44
2016-02-01,1128.85,1117.88,1130.09,1116.24
2016-01-29,1118.04,1115.16,1118.50,1108.90
2016-01-28,1115.14,1125.57,1126.01,1111.96
2016-01-27,1125.59,1120.36,1128.20,1114.90
2016-01-26,1120.57,1108.02,1123.30,1107.17
2016-01-25,1108.05,1097.85,1109.05,1097.35
2016-01-22,1098.30,1101.60,1102.98,1093.98
2016-01-21,1101.60,1101.04,1104.98,1092.54
2016-01-20,1101.02,1087.10,1109.60,1086.73
2016-01-19,1087.12,1088.84,1094.70,1082.95
2016-01-18,1088.90,1089.51,1093.26,1087.25
2016-01-15,1089.10,1077.94,1097.59,1076.18
2016-01-14,1078.00,1093.52,1095.36,1071.40
2016-01-13,1093.49,1087.29,1095.68,1079.64
2016-01-12,1087.05,1094.30,1099.54,1083.61
2016-01-11,1094.26,1104.19,1108.51,1093.91
2016-01-08,1104.24,1109.45,1112.40,1093.93
2016-01-07,1109.25,1094.45,1110.20,1091.09
2016-01-06,1094.45,1077.55,1095.45,1074.70
2016-01-05,1077.66,1074.66,1082.30,1072.70
2016-01-04,1074.70,1065.36,1083.70,1061.90
2016-01-01,1060.74,1061.21,1061.41,1060.74
2015-12-31,1061.30,1061.38,1063.68,1058.38
2015-12-30,1061.45,1069.38,1072.85,1059.55
2015-12-29,1068.99,1069.20,1075.79,1067.29
2015-12-28,1069.05,1076.00,1077.15,1066.30
2015-12-25,1075.88,1075.88,1075.88,1075.88
2015-12-24,1075.88,1070.90,1077.85,1070.05
2015-12-23,1070.35,1072.21,1075.75,1068.25
2015-12-22,1072.36,1078.41,1081.00,1071.85
2015-12-21,1078.44,1065.94,1081.88,1063.88
2015-12-18,1066.19,1051.72,1070.79,1051.05
2015-12-17,1051.74,1072.85,1073.09,1047.64
2015-12-16,1072.94,1060.73,1078.59,1060.64
2015-12-15,1060.74,1062.89,1068.89,1059.59
2015-12-14,1062.90,1073.69,1077.70,1062.77
2015-12-11,1074.89,1071.60,1079.98,1062.38
2015-12-10,1071.54,1073.21,1076.46,1069.70
2015-12-09,1073.21,1074.74,1085.60,1069.59
2015-12-08,1074.69,1070.49,1078.85,1067.63
2015-12-07,1070.39,1086.01,1087.00,1070.06
2015-12-04,1086.99,1062.39,1089.09,1058.14
2015-12-03,1062.57,1053.71,1065.80,1046.25
2015-12-02,1053.69,1069.49,1071.55,1050.63
2015-12-01,1069.49,1064.55,1074.72,1063.38
2015-11-30,1064.42,1057.80,1068.90,1053.10
2015-11-27,1058.81,1071.59,1073.90,1052.86
2015-11-26,1072.25,1071.91,1075.46,1070.35
2015-11-25,1071.39,1075.55,1080.85,1067.75
2015-11-24,1075.49,1069.24,1080.89,1068.99
2015-11-23,1069.34,1077.01,1077.01,1067.00
2015-11-20,1078.10,1082.30,1087.80,1075.68
2015-11-19,1082.40,1071.15,1086.50,1069.75
2015-11-18,1071.14,1070.30,1073.18,1065.34
2015-11-17,1070.37,1082.86,1084.82,1065.59
2015-11-16,1082.85,1088.14,1098.29,1081.32
2015-11-13,1083.64,1085.05,1088.29,1080.04
2015-11-12,1085.05,1086.26,1089.60,1074.66
2015-11-11,1086.14,1089.85,1093.69,1084.04
2015-11-10,1089.91,1092.01,1094.90,1085.45
2015-11-09,1092.10,1089.94,1095.88,1088.34
2015-11-06,1088.64,1103.89,1110.68,1085.29
2015-11-05,1103.95,1107.56,1111.61,1102.75
2015-11-04,1107.44,1117.63,1122.85,1106.38
2015-11-03,1117.60,1133.60,1138.30,1114.48
2015-11-02,1133.75,1141.49,1143.01,1132.75
2015-10-30,1142.38,1148.04,1150.47,1139.48
2015-10-29,1145.91,1156.09,1162.76,1144.60
2015-10-28,1156.10,1166.75,1182.90,1152.40
2015-10-27,1166.95,1162.96,1168.90,1160.91
2015-10-26,1163.20,1164.45,1169.60,1162.30
2015-10-23,1164.26,1165.61,1179.80,1159.16
2015-10-22,1166.05,1167.06,1172.20,1162.90
2015-10-21,1167.10,1175.81,1179.60,1163.90
2015-10-20,1176.11,1171.00,1180.70,1167.15
2015-10-19,1170.45,1176.00,1177.90,1168.25
2015-10-16,1177.20,1182.21,1184.50,1174.25
2015-10-15,1183.11,1184.10,1191.04,1176.37
2015-10-14,1185.19,1168.59,1190.38,1164.05
2015-10-13,1168.80,1163.55,1169.00,1151.56
2015-10-12,1164.00,1155.71,1169.40,1154.90
2015-10-09,1157.53,1139.10,1160.20,1138.80
2015-10-08,1138.96,1145.49,1151.60,1136.90
2015-10-07,1145.40,1146.96,1153.70,1141.96
2015-10-06,1147.11,1135.65,1151.61,1135.11
2015-10-05,1135.75,1137.71,1141.95,1129.73
2015-10-02,1138.14,1114.08,1141.90,1104.52
2015-10-01,1113.55,1115.14,1119.29,1111.13
2015-09-30,1115.00,1127.46,1128.20,1112.00
2015-09-29,1127.46,1132.25,1134.90,1124.35
2015-09-28,1132.05,1145.80,1148.30,1128.10
2015-09-25,1146.24,1150.97,1151.18,1140.84
2015-09-24,1154.01,1130.61,1156.70,1130.45
2015-09-23,1130.40,1124.10,1134.40,1121.75
2015-09-22,1124.80,1133.16,1136.60,1121.18
2015-09-21,1133.30,1139.40,1140.10,1130.00
2015-09-18,1139.40,1130.85,1141.90,1127.30
2015-09-17,1131.40,1118.89,1133.40,1115.40
2015-09-16,1119.55,1105.50,1124.70,1103.95
2015-09-15,1105.40,1108.19,1109.80,1102.91
2015-09-14,1108.80,1107.80,1110.70,1103.40
2015-09-11,1107.90,1111.56,1113.40,1098.75
2015-09-10,1111.55,1106.81,1115.30,1104.00
2015-09-09,1106.10,1121.96,1125.80,1101.51
2015-09-08,1121.80,1119.30,1126.80,1118.45
2015-09-07,1119.47,1123.22,1124.88,1116.58
2015-09-04,1123.00,1125.25,1130.20,1117.15
2015-09-03,1125.25,1134.01,1134.50,1121.75
2015-09-02,1134.05,1139.49,1143.00,1132.31
2015-09-01,1140.11,1135.01,1147.57,1134.51
2015-08-31,1134.50,1133.25,1136.80,1125.96
2015-08-28,1133.96,1125.80,1141.20,1123.70
2015-08-27,1125.71,1125.65,1129.80,1118.15
2015-08-26,1125.55,1141.15,1147.00,1117.75
2015-08-25,1140.65,1155.45,1157.20,1134.90
2015-08-24,1155.05,1162.35,1167.90,1146.75
2015-08-21,1161.05,1153.91,1168.80,1148.85
2015-08-20,1153.16,1133.95,1154.50,1132.81
2015-08-19,1134.46,1118.01,1134.66,1116.35
2015-08-18,1118.01,1117.91,1121.60,1109.55
2015-08-17,1117.66,1114.35,1123.05,1113.70
2015-08-14,1114.11,1115.16,1121.40,1111.81
2015-08-13,1115.05,1125.46,1126.71,1113.42
2015-08-12,1125.30,1108.91,1125.80,1101.75
2015-08-11,1109.01,1104.41,1119.40,1093.65
2015-08-10,1104.51,1094.39,1109.20,1089.80
2015-08-07,1094.20,1089.40,1099.90,1083.16
2015-08-06,1089.41,1084.90,1094.30,1083.60
2015-08-05,1085.05,1087.59,1092.16,1082.85
2015-08-04,1087.45,1086.18,1095.05,1081.05
2015-08-03,1086.50,1095.61,1098.15,1085.92
2015-07-31,1095.65,1088.66,1103.38,1079.75
2015-07-30,1088.99,1097.76,1099.82,1083.36
2015-07-29,1096.69,1095.48,1101.85,1090.21
2015-07-28,1095.35,1094.31,1099.00,1091.40
2015-07-27,1094.42,1099.55,1105.30,1089.19
2015-07-24,1099.10,1090.85,1102.35,1077.75
2015-07-23,1090.80,1094.50,1106.00,1087.01
2015-07-22,1093.45,1101.06,1103.56,1087.39
2015-07-21,1101.41,1098.55,1109.87,1097.05
2015-07-20,1096.95,1133.35,1133.35,1088.45
2015-07-17,1134.10,1145.61,1146.10,1131.20
2015-07-16,1145.15,1148.86,1149.90,1142.60
2015-07-15,1149.65,1155.90,1156.96,1143.83
2015-07-14,1155.53,1158.06,1159.96,1153.04
2015-07-13,1158.00,1163.30,1164.60,1151.18
2015-07-10,1163.96,1159.75,1165.50,1157.90
2015-07-09,1159.65,1158.62,1167.46,1156.20
2015-07-08,1158.28,1155.18,1165.03,1147.18
2015-07-07,1155.55,1170.50,1170.65,1148.45
2015-07-06,1170.15,1173.30,1175.20,1163.30
2015-07-03,1167.94,1166.29,1170.50,1164.96
2015-07-02,1166.15,1168.80,1169.11,1157.25
2015-07-01,1168.80,1172.70,1175.30,1167.43
2015-06-30,1172.60,1180.06,1180.80,1166.75
2015-06-29,1180.36,1184.96,1187.32,1173.99
2015-06-26,1175.07,1173.35,1179.09,1168.74
2015-06-25,1173.33,1175.29,1178.70,1171.52
2015-06-24,1175.20,1178.25,1180.30,1171.43
2015-06-23,1178.44,1185.86,1188.70,1176.32
2015-06-22,1185.45,1200.61,1201.50,1182.65
2015-06-19,1200.51,1202.36,1204.75,1198.70
2015-06-18,1201.42,1185.26,1206.00,1183.81
2015-06-17,1185.45,1181.90,1189.40,1174.48
2015-06-16,1181.86,1186.06,1188.11,1176.13
2015-06-15,1186.40,1181.50,1190.80,1173.02
2015-06-12,1180.80,1182.01,1184.70,1176.93
2015-06-11,1182.30,1186.61,1188.21,1176.16
2015-06-10,1186.48,1176.75,1192.60,1175.35
2015-06-09,1176.70,1174.36,1183.40,1172.75
2015-06-08,1173.95,1169.45,1178.10,1169.20
2015-06-05,1172.00,1177.24,1179.35,1163.10
2015-06-04,1176.26,1185.51,1186.41,1172.76
2015-06-03,1185.50,1193.86,1195.81,1180.18
2015-06-02,1193.38,1188.95,1196.12,1185.48
2015-06-01,1189.15,1191.00,1204.81,1184.60
2015-05-29,1190.50,1188.65,1193.81,1187.08
2015-05-28,1188.45,1188.21,1192.75,1181.30
2015-05-27,1188.15,1187.44,1191.55,1184.51
2015-05-26,1187.30,1207.30,1208.00,1186.10
2015-05-25,1207.17,1205.12,1208.97,1202.92
2015-05-22,1206.38,1206.75,1215.20,1201.70
2015-05-21,1206.45,1210.11,1212.95,1201.91
2015-05-20,1209.28,1208.01,1213.47,1203.02
2015-05-19,1207.51,1225.27,1225.57,1205.56
2015-05-18,1225.74,1223.30,1232.70,1221.50
2015-05-15,1223.85,1221.76,1226.75,1211.55
2015-05-14,1221.52,1215.71,1227.44,1212.05
2015-05-13,1215.73,1193.45,1219.30,1191.30
2015-05-12,1193.50,1183.80,1197.00,1181.05
2015-05-11,1184.20,1188.95,1192.10,1179.50
2015-05-08,1188.15,1184.66,1193.61,1182.13
2015-05-07,1184.80,1191.80,1193.30,1179.16
2015-05-06,1191.80,1193.19,1197.90,1188.30
2015-05-05,1193.33,1188.56,1200.10,1185.90
2015-05-04,1188.25,1178.95,1193.45,1177.88
2015-05-01,1178.50,1184.56,1185.26,1170.60
2015-04-30,1184.37,1205.18,1207.52,1177.32
2015-04-29,1204.80,1212.10,1213.70,1201.63
2015-04-28,1212.10,1202.75,1215.50,1199.30
2015-04-27,1202.00,1179.76,1207.46,1178.75
2015-04-24,1179.38,1194.16,1196.51,1175.24
2015-04-23,1194.00,1187.56,1198.40,1184.05
2015-04-22,1187.30,1202.75,1205.20,1185.73
2015-04-21,1202.68,1196.81,1204.40,1193.30
2015-04-20,1196.50,1204.90,1209.40,1191.54
2015-04-17,1204.65,1198.60,1208.10,1197.28
2015-04-16,1197.65,1202.45,1209.60,1195.06
2015-04-15,1202.05,1193.21,1205.35,1189.38
2015-04-14,1193.58,1199.20,1202.10,1184.18
2015-04-13,1198.85,1207.38,1209.83,1196.81
2015-04-10,1208.05,1194.30,1211.10,1193.30
2015-04-09,1195.01,1203.07,1203.76,1192.86
2015-04-08,1202.80,1208.85,1212.60,1197.85
2015-04-07,1208.60,1214.69,1215.91,1207.45
2015-04-06,1214.70,1215.63,1224.50,1213.85
2015-04-03,1210.90,1201.74,1212.74,1200.11
2015-04-02,1202.59,1204.95,1208.15,1195.75
2015-04-01,1204.10,1183.35,1209.00,1180.35
2015-03-31,1183.50,1185.40,1191.20,1178.45
2015-03-30,1186.20,1198.85,1199.50,1182.55
2015-03-27,1199.30,1204.25,1206.70,1192.91
2015-03-26,1204.38,1195.55,1219.80,1194.50
2015-03-25,1195.45,1192.90,1199.90,1186.65
2015-03-24,1193.13,1189.35,1195.70,1185.25
2015-03-23,1189.30,1185.96,1192.10,1179.45
2015-03-20,1182.68,1170.70,1188.30,1168.55
2015-03-19,1171.30,1167.25,1177.86,1160.06
2015-03-18,1167.25,1149.25,1174.61,1145.90
2015-03-17,1149.30,1154.55,1159.85,1143.61
2015-03-16,1154.59,1158.50,1164.46,1150.60
2015-03-13,1159.48,1153.90,1162.55,1151.80
2015-03-12,1153.70,1154.60,1166.70,1148.90
2015-03-11,1154.80,1162.15,1165.95,1147.85
2015-03-10,1161.93,1167.10,1171.35,1156.35
2015-03-09,1167.30,1168.65,1176.15,1166.15
2015-03-06,1167.21,1198.65,1201.29,1163.94
2015-03-05,1198.60,1199.75,1209.70,1196.40
2015-03-04,1199.85,1203.75,1209.40,1198.25
2015-03-03,1203.80,1207.19,1215.09,1195.39
2015-03-02,1207.10,1213.80,1223.60,1204.60
2015-02-27,1213.15,1209.45,1219.90,1204.65
2015-02-26,1209.05,1205.16,1220.75,1203.95
2015-02-25,1204.80,1199.55,1212.20,1199.50
2015-02-24,1199.89,1201.71,1204.60,1191.30
2015-02-23,1201.92,1201.89,1210.70,1191.51
2015-02-20,1202.39,1207.41,1215.39,1198.43
2015-02-19,1207.45,1212.70,1223.50,1205.40
2015-02-18,1212.99,1209.41,1212.99,1197.95
2015-02-17,1209.40,1231.05,1234.15,1203.70
2015-02-16,1231.47,1228.58,1236.88,1228.01
2015-02-13,1229.70,1222.38,1235.70,1221.01
2015-02-12,1222.50,1218.73,1232.90,1216.75
2015-02-11,1219.16,1233.75,1239.30,1218.26
2015-02-10,1234.00,1239.55,1246.00,1230.70
2015-02-09,1239.68,1235.18,1244.35,1234.54
2015-02-06,1233.72,1264.82,1269.30,1228.75
2015-02-05,1264.70,1269.90,1274.00,1256.52
2015-02-04,1270.05,1260.25,1272.20,1256.85
2015-02-03,1260.20,1275.40,1285.59,1255.70
2015-02-02,1275.44,1281.81,1283.85,1266.93
2015-01-30,1283.55,1257.61,1285.35,1257.25
2015-01-29,1257.25,1285.35,1286.25,1252.61
2015-01-28,1285.10,1292.35,1294.55,1281.50
2015-01-27,1292.35,1281.08,1297.77,1272.58
2015-01-26,1281.24,1293.68,1299.14,1276.14
2015-01-23,1294.55,1301.38,1302.90,1284.66
2015-01-22,1301.73,1293.20,1306.70,1279.55
2015-01-21,1293.44,1293.64,1305.38,1285.59
2015-01-20,1293.94,1276.54,1297.23,1274.09
2015-01-19,1277.08,1279.67,1281.63,1272.22
2015-01-16,1280.30,1262.05,1281.99,1255.37
2015-01-15,1261.64,1229.95,1266.59,1226.18
2015-01-14,1229.95,1230.76,1244.40,1224.95
2015-01-13,1230.88,1233.62,1244.12,1227.53
2015-01-12,1233.64,1223.00,1236.29,1218.56